-- --------------------------------------------------------
-- Host:                         127.0.0.1
-- Server version:               5.0.41-community-nt - MySQL Community Edition (GPL)
-- Server OS:                    Win32
-- HeidiSQL Version:             9.4.0.5125
-- --------------------------------------------------------

/*!40101 SET @OLD_CHARACTER_SET_CLIENT=@@CHARACTER_SET_CLIENT */;
/*!40101 SET NAMES utf8 */;
/*!40014 SET @OLD_FOREIGN_KEY_CHECKS=@@FOREIGN_KEY_CHECKS, FOREIGN_KEY_CHECKS=0 */;
/*!40101 SET @OLD_SQL_MODE=@@SQL_MODE, SQL_MODE='NO_AUTO_VALUE_ON_ZERO' */;

-- Dumping structure for table electra_schema.account
CREATE TABLE IF NOT EXISTS `account` (
  `account_id` int(11) NOT NULL auto_increment,
  `country_id` int(11) NOT NULL default '1',
  `correlation_id` varchar(100) NOT NULL,
  `mobile_number` bigint(20) NOT NULL COMMENT 'Username',
  `password` varchar(200) NOT NULL COMMENT 'Password hash of user',
  `wallet_pin` varchar(10) default NULL,
  `device_id` varchar(100) default NULL,
  `device_token` varchar(100) default NULL,
  `device_type` varchar(20) default NULL,
  `status` enum('ACTIVE','SUSPENDED','TERMINATED') NOT NULL default 'ACTIVE' COMMENT '0 - Active, 1 - Disabled, 2 - Locked',
  `mpin` varchar(200) NOT NULL,
  `unique_code` varchar(50) NOT NULL,
  `id_proof_image_url` varchar(255) default NULL,
  `profile_image_url` varchar(255) default NULL,
  `residential_address` varchar(255) default NULL,
  `created_date` timestamp NOT NULL default CURRENT_TIMESTAMP on update CURRENT_TIMESTAMP,
  `modified_date` timestamp NOT NULL default '0000-00-00 00:00:00',
  PRIMARY KEY  (`account_id`),
  KEY `account_country_rel` (`country_id`),
  CONSTRAINT `account_country_rel` FOREIGN KEY (`country_id`) REFERENCES `country` (`country_id`),
  CONSTRAINT `FK55nfy7sual2nd3cp9tqw2sq53` FOREIGN KEY (`country_id`) REFERENCES `country` (`country_id`)
) ENGINE=InnoDB DEFAULT CHARSET=utf8;

-- Dumping data for table electra_schema.account: ~20 rows (approximately)
DELETE FROM `account`;
/*!40000 ALTER TABLE `account` DISABLE KEYS */;
INSERT INTO `account` (`account_id`, `country_id`, `correlation_id`, `mobile_number`, `password`, `wallet_pin`, `device_id`, `device_token`, `device_type`, `status`, `mpin`, `unique_code`, `id_proof_image_url`, `profile_image_url`, `residential_address`, `created_date`, `modified_date`) VALUES
	(182, 7, '0c4f88e9-748f-4a00-92b0-88f52fa96033', 1120001199, '$2a$10$8xKayKcMWAKdgzYtqAH3n.bUH/HrNtm9yUotSe7iKHatvY78JKvfm', NULL, '', NULL, 'A', 'ACTIVE', '$2a$10$pPONa0QtkKhNFrGjrA.KpeoPNoYV4LAaNiWVsI036EqLHr//BfEoC', '66358', NULL, '0', NULL, '2018-01-12 13:36:29', '2018-01-12 13:36:29'),
	(183, 1, 'aacc1b29-7c97-4eb4-a198-d2c827bda017', 97762380, '$2a$10$LIQmaUQI5r9LFmuMnSI2yORxlh6JYtoVT0fP.VgxmDjcZcHni2id.', NULL, '', NULL, 'A', 'ACTIVE', '$2a$10$qfY4wYaIYMLtVT8FCV2E9eXLep1fU/GnNQ8q1rR8OGK4StJA22rjm', '42534', NULL, '0', NULL, '2018-03-14 13:39:12', '2018-03-14 13:39:12'),
	(189, 2, 'd3c4b2dd-b568-4f95-804f-c7d58c375e78', 9711355293, '$2a$10$QwfW4DSLL.AhaMdrsBTnS.qpwQtZc5akyZjs6AK1Kjfinv78ehB5q', NULL, '', NULL, 'A', 'ACTIVE', '$2a$10$xBl10RzufARmBz56VDzdk.jCnDYxPbI56rDx2sr94SPn.GKyh7BGG', '28315', 'http://13.250.226.42:8085/images/idproof-9711355293-1524175749599.jpg', 'http://13.250.226.42:8085/images/profile-9711355293-1524175797841.jpg', NULL, '2018-03-08 14:29:19', '2018-03-08 14:29:19'),
	(190, 1, '5f8709df-110f-4605-b783-54b04d90b51b', 92353702, '$2a$10$biaU3/p5s2V5Ah040rWPGu3615AdBRIpf.1T0KTb2UI6yirTMMybi', NULL, '', NULL, 'A', 'ACTIVE', '$2a$10$wNBkkNCgLaSH3BsHacoRY.eXJsWVzRAf830YgMyQX1svNwVG.3eye', '23363', NULL, '0', NULL, '2018-03-08 14:32:34', '2018-03-08 14:32:34'),
	(191, 7, '874ae852-60bd-42e0-aee4-54d188b94577', 146188898, '$2a$10$lpkW4adeox/GskkuzXUMmOetdVZNMq751mgyDVBC7F56Bh9ZpqCki', NULL, '', NULL, 'A', 'ACTIVE', '$2a$10$Izv0Gs/dmgQebvDPDDLdAu8aIGk1vfx36MvaFXzZ1tGu4258ATQ5.', '46506', NULL, 'http://13.250.226.42:8085/images/profile-146188898-1524236159138.jpg', NULL, '2018-04-22 11:29:07', '2018-04-22 11:29:07'),
	(192, 11, 'db0a9c10-3ced-485d-b5a9-cfeefb0e571c', 7971329880, '$2a$10$Ueia.3JBLia.E2Z71J9wMugVG3q2gMxuU8a72pbEz9g2soTWHXUsG', NULL, '', NULL, 'A', 'ACTIVE', '$2a$10$bkjP4LZyrCDPZtaML0nDO.dSfboFbg0z5CxXgZdTP94N0dPjWWBS2', '43524', NULL, '0', NULL, '2018-03-08 19:05:28', '2018-03-08 19:05:28'),
	(193, 5, 'f3512bb7-119f-4907-9359-b867fff4016b', 8168968804, '$2a$10$bJk9XFdj1U/JBxeW7OGD.eolKa/Wq9pAW72l9U4D3dy8CpOSWgE52', NULL, '', NULL, 'A', 'ACTIVE', '$2a$10$Mhs/8CSr.Qmx6YxPOsSeV.wseIjZk5P.8SNIiIcipGSxX3zVapn8e', '33568', NULL, '0', NULL, '2018-03-09 04:56:45', '2018-03-09 04:56:45'),
	(201, 7, '34b58a30-c168-41bb-a105-e7323841b4c8', 193281199, '$2a$10$wFGHsxe6i2.9cdayk23YnOSSMCzHa9thlOGCtlwJ4S5Hus2qYKeHS', NULL, '', NULL, 'A', 'ACTIVE', '$2a$10$OH7dIwskL9.tDR7NPq8jW.07vBa5IhHlz57OKi5n0E2sJbwuYqjRS', '24844', NULL, '0', NULL, '2018-03-16 21:00:35', '2018-03-16 21:00:35'),
	(202, 5, 'aff3f01e-c452-43fa-a2ae-79e35c2b3842', 5127435140, '$2a$10$MYmCskj0jXTN2WJyf/Sz6urCtXVAsQ.YJGdIJeDNyyFXZGy4/JY5q', NULL, '', NULL, 'A', 'ACTIVE', '$2a$10$POnEuTMn63owiF5FX59YCexQhwrBlEyeywJeLgYXwECIuEmWU/za2', '71046', NULL, '0', NULL, '2018-03-17 00:19:08', '2018-03-17 00:19:08'),
	(203, 5, '8377354d-6790-4247-ba3e-18cab48873f9', 2694911872, '$2a$10$qKPm1A0ywt2qQ3y6hR8GTOUqIHZewyogO34qRgQ5CSY9KUJYF7Gme', NULL, '', NULL, 'A', 'ACTIVE', '$2a$10$ArF/wFRU8piAYCefq.ZOPuaodVyxCXeUKewIDI0hdjxip0UuxwQYu', '51070', NULL, '0', NULL, '2018-03-17 20:13:00', '2018-03-17 20:13:00'),
	(209, 11, '50771831-e498-4724-aedd-7cb66f239b0c', 7968533583, '$2a$10$7/YkEsnWQQ5zcNj9GVedfe3n7QcxCCLxi/.b2r4vWCj.vH8H8SC8G', NULL, '', NULL, 'A', 'ACTIVE', '$2a$10$XbgFN6rTKLXp6x/m45ykmuLYnEa53gL3njT.HK0tv0s27JQZ1hCYe', '73213', NULL, '0', NULL, '2018-03-20 14:49:24', '2018-03-20 14:49:24'),
	(358, 12, '79db9385-2d4b-4e58-b294-c75951deb749', 768925776, '$2a$10$.A3EEt2ywqxn/D78MFRKzerbsCvKuZTrWTPRSDm61opk4JaojbD.S', NULL, '', NULL, 'A', 'ACTIVE', '$2a$10$/k9boX/J9rALTPAwezBGFOjPAWJlPlou0fCY3ZclA8oEyc4RwOAve', '88583', NULL, '0', NULL, '2018-03-26 20:58:12', '2018-03-26 20:58:12'),
	(359, 6, 'c6837dcb-a666-439f-af4f-1426fb8d01fb', 491879068, '$2a$10$I3qz4q6phlWSGv9x97iX0uixr8J3.vWIR6NVi8LITokgElo27nPkC', NULL, '', NULL, 'A', 'ACTIVE', '$2a$10$cYU7bei9OWAqOwYqsGikOuPbB6Do4G2DQRDRKw4cFPsDsOAoNZCpe', '11635', NULL, '0', NULL, '2018-03-28 17:38:32', '2018-03-28 17:38:32'),
	(367, 2, '09d61177-fc04-4995-93cb-7785c8d412cf', 9897095008, '$2a$10$CXOiNc.BoeTP7iqzyV980.W8espT2C/AEn3Gn8TozXlUpPqMzE3Qq', NULL, '', NULL, 'A', 'ACTIVE', '$2a$10$d.fOCWIwOcCkeHtQLclrqu6mwOGgX.rkwskgTKEG9TvnK8w5y2nsm', '81818', 'http://13.250.226.42:8085/images/idproof-9897095008-1524187244132.jpg', 'http://13.250.226.42:8085/images/profile-9897095008-1524175730717.jpg', NULL, '2018-04-09 16:15:13', '2018-04-09 16:15:13'),
	(368, 2, 'ab243520-93ed-4c66-a864-7d5f91c84279', 8285314693, '$2a$10$quwvDDAW4NZqtsB8588vcODRX13vXOOjECmWAbSh5FwOnfZ732v9a', NULL, '', NULL, 'A', 'ACTIVE', '$2a$10$44jn/zdFYgmliy.xWfLTjurTys9yniuCOTSLEzS7Bvoc.RQoBDBzi', '36187', 'http://13.250.226.42:8085/images/idproof-8285314693-1524182678385.jpg', 'http://13.250.226.42:8085/images/profile-8285314693-1524189844066.jpg', 'H-149, H Block, Sector 63, Noida, Uttar Pradesh 201301, India  India', '2018-04-20 05:34:30', '2018-04-20 05:34:30'),
	(385, 1, 'fc1a320e-999d-465f-93f0-18704c2120f3', 91898769, '$2a$10$Pm6j4XwL8RKHCgm14n0xleL0LNZGTl19jatyQi4gSUYBW0zj7qFKO', NULL, '', NULL, 'A', 'ACTIVE', '$2a$10$tASrV5lxUjkx5fPHyDiEwOWB7DMsHsvgSTX7HGROOd/.EjvLq0tuG', '81313', 'http://35.176.71.195:8085/sendx/getProfileImage?imageName=idproof-91898769-1522990988784.jpg', '0', 'jalan Bukit impian 10', '2018-04-06 10:33:06', '2018-04-06 10:33:06'),
	(386, 3, 'c618879e-c285-4b42-864a-3b0cb1b23c35', 818279577, '$2a$10$3GCK3Kf6i/kbpydKbP7FS.mykCJMBx.sGzQcjqoGfdmq55viZwagu', NULL, '', NULL, 'A', 'ACTIVE', '$2a$10$rZ.xoTm7GFsBRUuPfzBFCe3RmCoZjcVIuA4CnLNg/aTWSkbCN62ke', '71434', NULL, '0', NULL, '2018-04-11 10:00:24', '2018-04-11 10:00:24'),
	(456, 7, 'cfdc50c4-eb92-4c36-b7e1-6bc3ded61604', 127211590, '$2a$10$DK1ljrZYqMX.YdHZq8edPenksATaavJuYKxMTBgvwRn7baps/Bwo6', NULL, '', NULL, 'A', 'TERMINATED', '$2a$10$1qgVPUz8ly1zshbyiiUOoOAzoXUSVwwnmtV0O40v09/219z7Vo1z6', '80126', 'http://13.250.226.42:8085/images/idproof-127211590-1524470333355.jpg', 'http://13.250.226.42:8085/images/profile-127211590-1524470333351.jpg', '40B jalan trus, Skudai 81300', '2018-04-23 13:28:44', '2018-04-23 13:28:44'),
	(457, 2, 'b622f8d0-bbb0-4b21-a80c-ff2f3df30ab4', 9897095007, '$2a$10$yY6cgRm6xrUtQUaBU2o7zub9qO/aH0L/xeFJI0VT3A5/OrmlXCf6C', NULL, '', NULL, 'A', 'TERMINATED', '$2a$10$/zhNIfZaEsU69O9A8KTYtuU3UwPYRB/BUxoIgX.l0XgCv.gXwXEj2', '30630', 'http://13.250.226.42:8085/images/idproof-9897095007-1524578465443.jpg', 'http://13.250.226.42:8085/images/profile-9897095007-1524578465441.jpg', 'A55, Block A, Sector 57, Noida, Uttar Pradesh 201301, India  India', '2018-04-24 19:30:55', '2018-04-24 19:30:55'),
	(458, 2, '67503a03-1e80-4912-bc41-b18c7961cac4', 9897095006, '$2a$10$wvvyhke0MqWzufGg73zlLeLXxCo3EQszOy26zAwDBXHQfCEcNra6S', NULL, '', NULL, 'A', 'SUSPENDED', '$2a$10$Fzxwb.IThVNwWOlvLQpcCONXgibqj4UDO7GpggI.hdbc13pNJXtUO', '50368', 'http://13.250.226.42:8085/images/idproof-9897095006-1524631994280.jpg', 'http://13.250.226.42:8085/images/profile-9897095006-1524631994278.jpg', 'A55, Block A, Sector 57, Noida, Uttar Pradesh 201301, India  India', '2018-04-25 12:01:35', '2018-04-25 12:01:35');
/*!40000 ALTER TABLE `account` ENABLE KEYS */;

-- Dumping structure for table electra_schema.account_verification
CREATE TABLE IF NOT EXISTS `account_verification` (
  `acc_verification_record_id` int(11) NOT NULL auto_increment,
  `verification_type` varchar(100) default NULL,
  `mobile_number` bigint(12) NOT NULL,
  `country_id` int(11) NOT NULL default '1',
  `activation_code` varchar(20) default NULL,
  `retry_attempts` tinyint(4) default NULL,
  `modified_date` timestamp NULL default NULL,
  `created_date` timestamp NULL default NULL,
  PRIMARY KEY  (`acc_verification_record_id`)
) ENGINE=InnoDB DEFAULT CHARSET=utf8;

-- Dumping data for table electra_schema.account_verification: ~4 rows (approximately)
DELETE FROM `account_verification`;
/*!40000 ALTER TABLE `account_verification` DISABLE KEYS */;
INSERT INTO `account_verification` (`acc_verification_record_id`, `verification_type`, `mobile_number`, `country_id`, `activation_code`, `retry_attempts`, `modified_date`, `created_date`) VALUES
	(144, 'Signup', 91898769, 1, '608787', 2, '2018-04-25 11:18:21', '2018-04-25 11:18:21'),
	(146, 'Signup', 9897095008, 2, '313451', 3, '2018-04-24 19:42:10', '2018-04-24 19:42:10'),
	(151, 'Signup', 9897095006, 2, '571163', 3, '2018-04-25 12:37:15', '2018-04-25 12:37:15'),
	(152, 'Signup', 127211590, 7, '311483', 3, '2018-04-25 23:11:55', '2018-04-25 23:11:55');
/*!40000 ALTER TABLE `account_verification` ENABLE KEYS */;

-- Dumping structure for table electra_schema.checkout_bank_details
CREATE TABLE IF NOT EXISTS `checkout_bank_details` (
  `checkout_bank_id` int(11) NOT NULL auto_increment,
  `bank_name` varchar(255) NOT NULL,
  `bank_code1` varchar(100) default NULL,
  `bank_code2` varchar(100) default NULL,
  `country_id` int(11) NOT NULL,
  `bank_info` varchar(500) default NULL,
  `bank_logo_url` varchar(255) default NULL,
  `acc_limit` double default NULL,
  `acc_number_start` int(11) default NULL,
  `acc_number_end` int(11) default NULL,
  `acc_number_length` int(11) default NULL,
  `modified_date` timestamp NOT NULL default CURRENT_TIMESTAMP on update CURRENT_TIMESTAMP,
  PRIMARY KEY  (`checkout_bank_id`),
  KEY `bank_checkout_country_rel` (`country_id`),
  CONSTRAINT `bank_checkout_country_rel` FOREIGN KEY (`country_id`) REFERENCES `country` (`country_id`),
  CONSTRAINT `FK8144btmx3jvgbbdgbn5n17h96` FOREIGN KEY (`country_id`) REFERENCES `country` (`country_id`)
) ENGINE=InnoDB DEFAULT CHARSET=utf8;

-- Dumping data for table electra_schema.checkout_bank_details: ~120 rows (approximately)
DELETE FROM `checkout_bank_details`;
/*!40000 ALTER TABLE `checkout_bank_details` DISABLE KEYS */;
INSERT INTO `checkout_bank_details` (`checkout_bank_id`, `bank_name`, `bank_code1`, `bank_code2`, `country_id`, `bank_info`, `bank_logo_url`, `acc_limit`, `acc_number_start`, `acc_number_end`, `acc_number_length`, `modified_date`) VALUES
	(1, 'HSBC Holdings (HSBC)', NULL, NULL, 2, NULL, NULL, NULL, NULL, NULL, NULL, '2017-09-07 05:01:04'),
	(2, 'JPMorgan Chase & Co.(JPM)', NULL, NULL, 2, NULL, NULL, NULL, NULL, NULL, NULL, '2017-09-07 05:03:10'),
	(3, 'Credit Agricole Group', NULL, NULL, 2, NULL, NULL, NULL, NULL, NULL, NULL, '2017-09-07 05:03:40'),
	(4, 'Bank of America (BAC)', NULL, NULL, 2, NULL, NULL, NULL, NULL, NULL, NULL, '2017-09-07 05:04:21'),
	(5, 'Industrial & Commercial Bank of China', NULL, NULL, 2, NULL, NULL, NULL, NULL, NULL, NULL, '2017-09-07 05:04:39'),
	(6, 'BNP Paribas', NULL, NULL, 2, NULL, NULL, NULL, NULL, NULL, NULL, '2017-09-07 05:05:05'),
	(7, 'Agricultural Bank of China', NULL, NULL, 2, NULL, NULL, NULL, NULL, NULL, NULL, '2017-09-07 05:05:28'),
	(8, 'China Construction Bank Corp.', NULL, NULL, 2, NULL, NULL, NULL, NULL, NULL, NULL, '2017-09-14 18:35:59'),
	(9, 'Mitsubishi UFJ Financial Group', NULL, NULL, 2, NULL, NULL, NULL, NULL, NULL, NULL, '2017-09-14 18:36:34'),
	(10, 'Bank of China', NULL, NULL, 2, NULL, NULL, NULL, NULL, NULL, NULL, '2017-09-14 18:37:12'),
	(13, 'HSBC Holdings (HSBC)', NULL, NULL, 1, NULL, NULL, NULL, NULL, NULL, NULL, '2017-09-07 05:01:04'),
	(14, 'JPMorgan Chase & Co.(JPM\r\n)', NULL, NULL, 1, NULL, NULL, NULL, NULL, NULL, NULL, '2017-09-07 05:03:10'),
	(15, 'Credit Agricole Group', NULL, NULL, 1, NULL, NULL, NULL, NULL, NULL, NULL, '2017-09-07 05:03:40'),
	(16, 'Bank of America (BAC)', NULL, NULL, 1, NULL, NULL, NULL, NULL, NULL, NULL, '2017-09-07 05:04:21'),
	(17, 'Industrial & Commercial Bank of China', NULL, NULL, 1, NULL, NULL, NULL, NULL, NULL, NULL, '2017-09-07 05:04:39'),
	(18, 'BNP Paribas', NULL, NULL, 1, NULL, NULL, NULL, NULL, NULL, NULL, '2017-09-07 05:05:05'),
	(19, 'Agricultural Bank of China', NULL, NULL, 1, NULL, NULL, NULL, NULL, NULL, NULL, '2017-09-07 05:05:28'),
	(20, 'China Construction Bank Corp.', NULL, NULL, 1, NULL, NULL, NULL, NULL, NULL, NULL, '2017-09-14 18:35:59'),
	(21, 'Mitsubishi UFJ Financial Group', NULL, NULL, 1, NULL, NULL, NULL, NULL, NULL, NULL, '2017-09-14 18:36:34'),
	(22, 'Bank of China', NULL, NULL, 1, NULL, NULL, NULL, NULL, NULL, NULL, '2017-09-14 18:37:12'),
	(23, 'HSBC Holdings (HSBC)', NULL, NULL, 3, NULL, NULL, NULL, NULL, NULL, NULL, '2017-09-07 05:01:04'),
	(24, 'JPMorgan Chase & Co.(JPM\r\n)', NULL, NULL, 3, NULL, NULL, NULL, NULL, NULL, NULL, '2017-09-07 05:03:10'),
	(25, 'Credit Agricole Group', NULL, NULL, 3, NULL, NULL, NULL, NULL, NULL, NULL, '2017-09-07 05:03:40'),
	(26, 'Bank of America (BAC)', NULL, NULL, 3, NULL, NULL, NULL, NULL, NULL, NULL, '2017-09-07 05:04:21'),
	(27, 'Industrial & Commercial Bank of China', NULL, NULL, 3, NULL, NULL, NULL, NULL, NULL, NULL, '2017-09-07 05:04:39'),
	(28, 'BNP Paribas', NULL, NULL, 3, NULL, NULL, NULL, NULL, NULL, NULL, '2017-09-07 05:05:05'),
	(29, 'Agricultural Bank of China', NULL, NULL, 3, NULL, NULL, NULL, NULL, NULL, NULL, '2017-09-07 05:05:28'),
	(30, 'China Construction Bank Corp.', NULL, NULL, 3, NULL, NULL, NULL, NULL, NULL, NULL, '2017-09-14 18:35:59'),
	(31, 'Mitsubishi UFJ Financial Group', NULL, NULL, 3, NULL, NULL, NULL, NULL, NULL, NULL, '2017-09-14 18:36:34'),
	(32, 'Bank of China', NULL, NULL, 3, NULL, NULL, NULL, NULL, NULL, NULL, '2017-09-14 18:37:12'),
	(33, 'HSBC Holdings (HSBC)', NULL, NULL, 4, NULL, NULL, NULL, NULL, NULL, NULL, '2017-09-07 05:01:04'),
	(34, 'JPMorgan Chase & Co.(JPM\r\n)', NULL, NULL, 4, NULL, NULL, NULL, NULL, NULL, NULL, '2017-09-07 05:03:10'),
	(35, 'Credit Agricole Group', NULL, NULL, 4, NULL, NULL, NULL, NULL, NULL, NULL, '2017-09-07 05:03:40'),
	(36, 'Bank of America (BAC)', NULL, NULL, 4, NULL, NULL, NULL, NULL, NULL, NULL, '2017-09-07 05:04:21'),
	(37, 'Industrial & Commercial Bank of China', NULL, NULL, 4, NULL, NULL, NULL, NULL, NULL, NULL, '2017-09-07 05:04:39'),
	(38, 'BNP Paribas', NULL, NULL, 4, NULL, NULL, NULL, NULL, NULL, NULL, '2017-09-07 05:05:05'),
	(39, 'Agricultural Bank of China', NULL, NULL, 4, NULL, NULL, NULL, NULL, NULL, NULL, '2017-09-07 05:05:28'),
	(40, 'China Construction Bank Corp.', NULL, NULL, 4, NULL, NULL, NULL, NULL, NULL, NULL, '2017-09-14 18:35:59'),
	(41, 'Mitsubishi UFJ Financial Group', NULL, NULL, 4, NULL, NULL, NULL, NULL, NULL, NULL, '2017-09-14 18:36:34'),
	(42, 'Bank of China', NULL, NULL, 4, NULL, NULL, NULL, NULL, NULL, NULL, '2017-09-14 18:37:12'),
	(43, 'HSBC Holdings (HSBC)', NULL, NULL, 5, NULL, NULL, NULL, NULL, NULL, NULL, '2017-09-07 05:01:04'),
	(44, 'JPMorgan Chase & Co.(JPM\r\n)', NULL, NULL, 5, NULL, NULL, NULL, NULL, NULL, NULL, '2017-09-07 05:03:10'),
	(45, 'Credit Agricole Group', NULL, NULL, 5, NULL, NULL, NULL, NULL, NULL, NULL, '2017-09-07 05:03:40'),
	(46, 'Bank of America (BAC)', NULL, NULL, 5, NULL, NULL, NULL, NULL, NULL, NULL, '2017-09-07 05:04:21'),
	(47, 'Industrial & Commercial Bank of China', NULL, NULL, 5, NULL, NULL, NULL, NULL, NULL, NULL, '2017-09-07 05:04:39'),
	(48, 'BNP Paribas', NULL, NULL, 5, NULL, NULL, NULL, NULL, NULL, NULL, '2017-09-07 05:05:05'),
	(49, 'Agricultural Bank of China', NULL, NULL, 5, NULL, NULL, NULL, NULL, NULL, NULL, '2017-09-07 05:05:28'),
	(50, 'China Construction Bank Corp.', NULL, NULL, 5, NULL, NULL, NULL, NULL, NULL, NULL, '2017-09-14 18:35:59'),
	(51, 'Mitsubishi UFJ Financial Group', NULL, NULL, 5, NULL, NULL, NULL, NULL, NULL, NULL, '2017-09-14 18:36:34'),
	(52, 'Bank of China', NULL, NULL, 5, NULL, NULL, NULL, NULL, NULL, NULL, '2017-09-14 18:37:12'),
	(53, 'HSBC Holdings (HSBC)', NULL, NULL, 6, NULL, NULL, NULL, NULL, NULL, NULL, '2017-09-07 05:01:04'),
	(54, 'JPMorgan Chase & Co.(JPM\r\n)', NULL, NULL, 6, NULL, NULL, NULL, NULL, NULL, NULL, '2017-09-07 05:03:10'),
	(55, 'Credit Agricole Group', NULL, NULL, 6, NULL, NULL, NULL, NULL, NULL, NULL, '2017-09-07 05:03:40'),
	(56, 'Bank of America (BAC)', NULL, NULL, 6, NULL, NULL, NULL, NULL, NULL, NULL, '2017-09-07 05:04:21'),
	(57, 'Industrial & Commercial Bank of China', NULL, NULL, 6, NULL, NULL, NULL, NULL, NULL, NULL, '2017-09-07 05:04:39'),
	(58, 'BNP Paribas', NULL, NULL, 6, NULL, NULL, NULL, NULL, NULL, NULL, '2017-09-07 05:05:05'),
	(59, 'Agricultural Bank of China', NULL, NULL, 6, NULL, NULL, NULL, NULL, NULL, NULL, '2017-09-07 05:05:28'),
	(60, 'China Construction Bank Corp.', NULL, NULL, 6, NULL, NULL, NULL, NULL, NULL, NULL, '2017-09-14 18:35:59'),
	(61, 'Mitsubishi UFJ Financial Group', NULL, NULL, 6, NULL, NULL, NULL, NULL, NULL, NULL, '2017-09-14 18:36:34'),
	(62, 'Bank of China', NULL, NULL, 6, NULL, NULL, NULL, NULL, NULL, NULL, '2017-09-14 18:37:12'),
	(63, 'HSBC Holdings (HSBC)', NULL, NULL, 7, NULL, NULL, NULL, NULL, NULL, NULL, '2017-09-07 05:01:04'),
	(64, 'JPMorgan Chase & Co.(JPM\r\n)', NULL, NULL, 7, NULL, NULL, NULL, NULL, NULL, NULL, '2017-09-07 05:03:10'),
	(65, 'Credit Agricole Group', NULL, NULL, 7, NULL, NULL, NULL, NULL, NULL, NULL, '2017-09-07 05:03:40'),
	(66, 'Bank of America (BAC)', NULL, NULL, 7, NULL, NULL, NULL, NULL, NULL, NULL, '2017-09-07 05:04:21'),
	(67, 'Industrial & Commercial Bank of China', NULL, NULL, 7, NULL, NULL, NULL, NULL, NULL, NULL, '2017-09-07 05:04:39'),
	(68, 'BNP Paribas', NULL, NULL, 7, NULL, NULL, NULL, NULL, NULL, NULL, '2017-09-07 05:05:05'),
	(69, 'Agricultural Bank of China', NULL, NULL, 7, NULL, NULL, NULL, NULL, NULL, NULL, '2017-09-07 05:05:28'),
	(70, 'China Construction Bank Corp.', NULL, NULL, 7, NULL, NULL, NULL, NULL, NULL, NULL, '2017-09-14 18:35:59'),
	(71, 'Mitsubishi UFJ Financial Group', NULL, NULL, 7, NULL, NULL, NULL, NULL, NULL, NULL, '2017-09-14 18:36:34'),
	(72, 'Bank of China', NULL, NULL, 7, NULL, NULL, NULL, NULL, NULL, NULL, '2017-09-14 18:37:12'),
	(73, 'HSBC Holdings (HSBC)', NULL, NULL, 8, NULL, NULL, NULL, NULL, NULL, NULL, '2017-09-07 05:01:04'),
	(74, 'JPMorgan Chase & Co.(JPM\r\n)', NULL, NULL, 8, NULL, NULL, NULL, NULL, NULL, NULL, '2017-09-07 05:03:10'),
	(75, 'Credit Agricole Group', NULL, NULL, 8, NULL, NULL, NULL, NULL, NULL, NULL, '2017-09-07 05:03:40'),
	(76, 'Bank of America (BAC)', NULL, NULL, 8, NULL, NULL, NULL, NULL, NULL, NULL, '2017-09-07 05:04:21'),
	(77, 'Industrial & Commercial Bank of China', NULL, NULL, 8, NULL, NULL, NULL, NULL, NULL, NULL, '2017-09-07 05:04:39'),
	(78, 'BNP Paribas', NULL, NULL, 8, NULL, NULL, NULL, NULL, NULL, NULL, '2017-09-07 05:05:05'),
	(79, 'Agricultural Bank of China', NULL, NULL, 8, NULL, NULL, NULL, NULL, NULL, NULL, '2017-09-07 05:05:28'),
	(80, 'China Construction Bank Corp.', NULL, NULL, 8, NULL, NULL, NULL, NULL, NULL, NULL, '2017-09-14 18:35:59'),
	(81, 'Mitsubishi UFJ Financial Group', NULL, NULL, 8, NULL, NULL, NULL, NULL, NULL, NULL, '2017-09-14 18:36:34'),
	(82, 'Bank of China', NULL, NULL, 8, NULL, NULL, NULL, NULL, NULL, NULL, '2017-09-14 18:37:12'),
	(83, 'HSBC Holdings (HSBC)', NULL, NULL, 9, NULL, NULL, NULL, NULL, NULL, NULL, '2017-09-07 05:01:04'),
	(84, 'JPMorgan Chase & Co.(JPM\r\n)', NULL, NULL, 9, NULL, NULL, NULL, NULL, NULL, NULL, '2017-09-07 05:03:10'),
	(85, 'Credit Agricole Group', NULL, NULL, 9, NULL, NULL, NULL, NULL, NULL, NULL, '2017-09-07 05:03:40'),
	(86, 'Bank of America (BAC)', NULL, NULL, 9, NULL, NULL, NULL, NULL, NULL, NULL, '2017-09-07 05:04:21'),
	(87, 'Industrial & Commercial Bank of China', NULL, NULL, 9, NULL, NULL, NULL, NULL, NULL, NULL, '2017-09-07 05:04:39'),
	(88, 'BNP Paribas', NULL, NULL, 9, NULL, NULL, NULL, NULL, NULL, NULL, '2017-09-07 05:05:05'),
	(89, 'Agricultural Bank of China', NULL, NULL, 9, NULL, NULL, NULL, NULL, NULL, NULL, '2017-09-07 05:05:28'),
	(90, 'China Construction Bank Corp.', NULL, NULL, 9, NULL, NULL, NULL, NULL, NULL, NULL, '2017-09-14 18:35:59'),
	(91, 'Mitsubishi UFJ Financial Group', NULL, NULL, 9, NULL, NULL, NULL, NULL, NULL, NULL, '2017-09-14 18:36:34'),
	(92, 'Bank of China', NULL, NULL, 9, NULL, NULL, NULL, NULL, NULL, NULL, '2017-09-14 18:37:12'),
	(93, 'HSBC Holdings (HSBC)', NULL, NULL, 12, NULL, NULL, NULL, NULL, NULL, NULL, '2017-09-07 05:01:04'),
	(94, 'JPMorgan Chase & Co.(JPM)', NULL, NULL, 12, NULL, NULL, NULL, NULL, NULL, NULL, '2017-09-07 05:03:10'),
	(95, 'Credit Agricole Group', NULL, NULL, 12, NULL, NULL, NULL, NULL, NULL, NULL, '2017-09-07 05:03:40'),
	(96, 'Bank of America (BAC)', NULL, NULL, 12, NULL, NULL, NULL, NULL, NULL, NULL, '2017-09-07 05:04:21'),
	(97, 'Industrial & Commercial Bank of China', NULL, NULL, 12, NULL, NULL, NULL, NULL, NULL, NULL, '2017-09-07 05:04:39'),
	(98, 'BNP Paribas', NULL, NULL, 12, NULL, NULL, NULL, NULL, NULL, NULL, '2017-09-07 05:05:05'),
	(99, 'Agricultural Bank of China', NULL, NULL, 12, NULL, NULL, NULL, NULL, NULL, NULL, '2017-09-07 05:05:28'),
	(100, 'China Construction Bank Corp.', NULL, NULL, 12, NULL, NULL, NULL, NULL, NULL, NULL, '2017-09-14 18:35:59'),
	(101, 'Mitsubishi UFJ Financial Group', NULL, NULL, 12, NULL, NULL, NULL, NULL, NULL, NULL, '2017-09-14 18:36:34'),
	(102, 'Bank of China', NULL, NULL, 12, NULL, NULL, NULL, NULL, NULL, NULL, '2017-09-14 18:37:12'),
	(103, 'HSBC Holdings (HSBC)', NULL, NULL, 10, NULL, NULL, NULL, NULL, NULL, NULL, '2017-09-07 05:01:04'),
	(104, 'JPMorgan Chase & Co.(JPM)', NULL, NULL, 10, NULL, NULL, NULL, NULL, NULL, NULL, '2017-09-07 05:03:10'),
	(105, 'Credit Agricole Group', NULL, NULL, 10, NULL, NULL, NULL, NULL, NULL, NULL, '2017-09-07 05:03:40'),
	(106, 'Bank of America (BAC)', NULL, NULL, 10, NULL, NULL, NULL, NULL, NULL, NULL, '2017-09-07 05:04:21'),
	(107, 'Industrial & Commercial Bank of China', NULL, NULL, 10, NULL, NULL, NULL, NULL, NULL, NULL, '2017-09-07 05:04:39'),
	(108, 'BNP Paribas', NULL, NULL, 10, NULL, NULL, NULL, NULL, NULL, NULL, '2017-09-07 05:05:05'),
	(109, 'Agricultural Bank of China', NULL, NULL, 10, NULL, NULL, NULL, NULL, NULL, NULL, '2017-09-07 05:05:28'),
	(110, 'China Construction Bank Corp.', NULL, NULL, 10, NULL, NULL, NULL, NULL, NULL, NULL, '2017-09-14 18:35:59'),
	(111, 'Mitsubishi UFJ Financial Group', NULL, NULL, 10, NULL, NULL, NULL, NULL, NULL, NULL, '2017-09-14 18:36:34'),
	(112, 'Bank of China', NULL, NULL, 10, NULL, NULL, NULL, NULL, NULL, NULL, '2017-09-14 18:37:12'),
	(113, 'HSBC Holdings (HSBC)', NULL, NULL, 11, NULL, NULL, NULL, NULL, NULL, NULL, '2017-09-07 05:01:04'),
	(114, 'JPMorgan Chase & Co.(JPM)', NULL, NULL, 11, NULL, NULL, NULL, NULL, NULL, NULL, '2017-09-07 05:03:10'),
	(115, 'Credit Agricole Group', NULL, NULL, 11, NULL, NULL, NULL, NULL, NULL, NULL, '2017-09-07 05:03:40'),
	(116, 'Bank of America (BAC)', NULL, NULL, 11, NULL, NULL, NULL, NULL, NULL, NULL, '2017-09-07 05:04:21'),
	(117, 'Industrial & Commercial Bank of China', NULL, NULL, 11, NULL, NULL, NULL, NULL, NULL, NULL, '2017-09-07 05:04:39'),
	(118, 'BNP Paribas', NULL, NULL, 11, NULL, NULL, NULL, NULL, NULL, NULL, '2017-09-07 05:05:05'),
	(119, 'Agricultural Bank of China', NULL, NULL, 11, NULL, NULL, NULL, NULL, NULL, NULL, '2017-09-07 05:05:28'),
	(120, 'China Construction Bank Corp.', NULL, NULL, 11, NULL, NULL, NULL, NULL, NULL, NULL, '2017-09-14 18:35:59'),
	(121, 'Mitsubishi UFJ Financial Group', NULL, NULL, 11, NULL, NULL, NULL, NULL, NULL, NULL, '2017-09-14 18:36:34'),
	(122, 'Bank of China', NULL, NULL, 11, NULL, NULL, NULL, NULL, NULL, NULL, '2017-09-14 18:37:12');
/*!40000 ALTER TABLE `checkout_bank_details` ENABLE KEYS */;

-- Dumping structure for table electra_schema.client
CREATE TABLE IF NOT EXISTS `client` (
  `client_id` int(11) NOT NULL auto_increment,
  `client_correlation_id` varchar(50) NOT NULL,
  `client_name` varchar(50) NOT NULL,
  `description` varchar(255) NOT NULL,
  `email_address` varchar(50) default NULL,
  `contact_number1` varchar(50) default NULL,
  `contact_number2` varchar(50) default NULL,
  `contact_number3` varchar(50) default NULL,
  `is_testnet_account` tinyint(1) NOT NULL default '1',
  `issuing_account_public_key` varchar(255) NOT NULL,
  `issuing_account_secret_key` varchar(255) NOT NULL,
  `base_txn_account_public_key` varchar(255) NOT NULL,
  `base_txn_account_secret_key` varchar(255) NOT NULL,
  `status` enum('ACTIVE','SUSPENDED','TERMINATED') NOT NULL default 'ACTIVE',
  `created_by` int(11) default NULL,
  `created_date` timestamp NOT NULL default CURRENT_TIMESTAMP on update CURRENT_TIMESTAMP,
  `modified_by` int(11) default NULL,
  `modified_date` timestamp NOT NULL default '0000-00-00 00:00:00',
  `company_address` varchar(450) default NULL,
  `company_city` varchar(450) default NULL,
  `company_contact` varchar(450) default NULL,
  `company_country` varchar(450) default NULL,
  `company_fax` varchar(450) default NULL,
  `company_pin_code` varchar(450) default NULL,
  `company_state` varchar(450) default NULL,
  `is_2fa_enabled` bit(1) default NULL,
  `password` varchar(600) default NULL,
  `reset_token` varchar(450) default NULL,
  `security_code` varchar(765) default NULL,
  `username` varchar(150) default NULL,
  `company_code` varchar(450) default NULL,
  `account_type` varchar(150) default NULL,
  `client_subs_id` int(11) default NULL,
  PRIMARY KEY  (`client_id`),
  KEY `FK7o6paapgvaffr5te0o14yh7l0` (`client_subs_id`),
  CONSTRAINT `FK7o6paapgvaffr5te0o14yh7l0` FOREIGN KEY (`client_subs_id`) REFERENCES `client_subscription` (`client_subs_id`)
) ENGINE=InnoDB DEFAULT CHARSET=utf8;

-- Dumping data for table electra_schema.client: ~29 rows (approximately)
DELETE FROM `client`;
/*!40000 ALTER TABLE `client` DISABLE KEYS */;
INSERT INTO `client` (`client_id`, `client_correlation_id`, `client_name`, `description`, `email_address`, `contact_number1`, `contact_number2`, `contact_number3`, `is_testnet_account`, `issuing_account_public_key`, `issuing_account_secret_key`, `base_txn_account_public_key`, `base_txn_account_secret_key`, `status`, `created_by`, `created_date`, `modified_by`, `modified_date`, `company_address`, `company_city`, `company_contact`, `company_country`, `company_fax`, `company_pin_code`, `company_state`, `is_2fa_enabled`, `password`, `reset_token`, `security_code`, `username`, `company_code`, `account_type`, `client_subs_id`) VALUES
	(1, 'Y8jAm7LzPH', 'SendX Pte Ltd', 'SendX SGT Wallet', 'info@sendxsg.com', NULL, NULL, NULL, 1, 'GBJN4MPWUYUA5WHFC22IUA63HAKUIXTBC36FHJ26CLCN4KVARV27LSHY', 'SANUQOLL53VTQVOBSONRLY65KHFYBYLI6T5GSZOYSHQWHQTZKDFVWIOP', 'GAGVDTJRCAHYDBLSS46CS4NJXOOOWJPUNF5ELP5VI5ACQR6MDP6ZZ747', 'SC3LMSW3NTZ2YN7VPYPJUVCJUP7YQ6YM5MBPMHHE5S74VR3PFHSM6KYD', 'ACTIVE', NULL, '2018-05-10 16:45:06', NULL, '2017-11-09 20:04:38', NULL, NULL, NULL, NULL, NULL, NULL, NULL, b'0', '$2a$10$QLEyflY86xYdKC8jQndSz.dIKnPEsdZUAOuMnqkylt4u5sJP8hvMK', NULL, NULL, 'sgt-admin', 'XYZ12', NULL, NULL),
	(9, 'f34dc00e9bf94946abcac6ff9add473f', 'John Smith Nic.', '', NULL, NULL, NULL, NULL, 1, 'GCS24Q47LWMMU5IPZYGFGTCABGKYDQHMJFUABKMQUIKIQEHFLRXHYDRJ', 'SAUQK3UESZ2OPN5BVKBXZS7V4UWJW7KJT3AC2O4EGCIXMOVJ43TARP7H', 'GBGT2NMIWKE2SJBX2XKJWLZLXZOFMM7AMWB4Z236PMJO2J7PJLKLW2EJ', 'SBG7IQL6QMEG2ARB6OZ5TIH2YZXJ7IXOFFSGZVN5TOHF2HNOB6XT2NWS', 'ACTIVE', NULL, '2018-04-29 02:01:46', NULL, '2018-03-16 19:20:19', NULL, NULL, NULL, NULL, NULL, NULL, NULL, b'0', NULL, NULL, NULL, NULL, NULL, NULL, NULL),
	(10, '8762819fa3d1448f8a04d9a1121b72e0', 'LG Enterprise', 'Testing to check if account is working', NULL, NULL, NULL, NULL, 1, 'GDKDEJM5ZRIHI533LWI2VNP7G5AZBEW3N6C376BGWDJBXIJOGWZTC7GC', 'SA6FJJ6FCDUEGTRJUJBD6B6KKAH5HAIV6MSUQNK6YYI6HBKGBZHRUVK6', 'GAH6HRUGH5IWLOBVUGBAKPGD3WJ5ZLAQVB46D727VLUOVCEB5GDFYYCG', 'SBIZP2UPMYDHWH6TSF35Q4UWIKZHRYT6ZR7QA6YEANHGGDD6QFYPBXRO', 'TERMINATED', NULL, '2018-04-29 02:01:46', NULL, '2018-03-16 21:25:53', NULL, NULL, NULL, NULL, NULL, NULL, NULL, b'0', NULL, NULL, NULL, NULL, NULL, NULL, NULL),
	(11, '23dbdff23de2474d9f0ef294c8f2ca18', 'Samsung Ltd', 'Testing 345678wiurqyweroeuqirjkafhdkhjasdgjk\'f', NULL, NULL, NULL, NULL, 1, 'GDNGWVZYETDJYI4VZGA46HGTLMRZFBQR4BQQFNEBA2Y67CY5H6LYVJFS', 'SBICNGHPDQN4SA5URJQZA4SYWYQZTU6LFRAIK2SE7KOHHL2GX64J3VRZ', 'GB4I3TUNQEXAJ3EQNXZOITL6FGHZ46V7BXLMIAZI25PQ3A6BZHFG5YHC', 'SD5EHDXO32DYSVZQIAVJTKHF5VUBNA7HZJHZHBH34SWOOCKQXRSX4DZJ', 'ACTIVE', NULL, '2018-04-29 02:01:46', NULL, '2018-03-16 21:27:59', NULL, NULL, NULL, NULL, NULL, NULL, NULL, b'0', NULL, NULL, NULL, NULL, NULL, NULL, NULL),
	(12, 'a48b7d75e6974f13badc536f3b6d52a4', 'NSystem', '', NULL, NULL, NULL, NULL, 1, 'GCBKQ4YRBAL4HV6OTB4G6R6KGMMBXZLTSSMI65ELXGNII6N5ZXID3P3X', 'SBWOGP5QBQF5XB7U2SSLVJ3NDNIXOSPHVONLMLZUZCMQEOJCZNKZUYJW', 'GAXJYDYYRU3Z3A6OTQEUNJGOM3ARPXSVTWTA2G22EN57N52MNBXA4QO3', 'SCCJIBA7UMIOGQOCAWOHWD47DOTJ5AD4VLXQ2H4HD3QWPIPO6SVR72O6', 'ACTIVE', NULL, '2018-04-29 02:01:46', NULL, '2018-03-21 10:41:25', NULL, NULL, NULL, NULL, NULL, NULL, NULL, b'0', NULL, NULL, NULL, NULL, NULL, NULL, NULL),
	(13, 'd1d06a48403a407790b2574608edc4fb', 'JP Alliance', '', NULL, NULL, NULL, NULL, 1, 'GDX4TO2ZI2R2OUYT5GSLJPNG5ZE2SVTSBT2PJV5WELK36WOCZEIOVHSC', 'SBWVA6XTW42PTPL533HB5Q4D4BSA5FACL6A6EKMSPRHPSFT226XR2VNB', 'GBCMYAYCDTZKM2LC4THY6YZKPN2SAVTYI5M4JI4MAHZ5ZMRP27W5UCUC', 'SCYRAS4VWZVY6XXYP54QVICXKTPF3E2HUCHJVK2VSEXFGWP42IIMT4GS', 'ACTIVE', NULL, '2018-04-29 02:01:46', NULL, '2018-03-21 10:52:35', NULL, NULL, NULL, NULL, NULL, NULL, NULL, b'0', NULL, NULL, NULL, NULL, NULL, NULL, NULL),
	(16, 'bca3dcd665314b52814e9bb89ab4b875', 'Tin Wee Corp', 'tester account', NULL, NULL, NULL, NULL, 1, 'GBDC4Y3ZQPJHT2Y2KXRYHJURPDH56BCM46WSSDER6TASY6EYY62HZCZI', 'SA4VVKPHMDQUVLYZCNBT4PLFRN4PAGCHMB3Q7LULFIFUGVZNXPRWVUGH', 'GCMG3FBDEMHOPDDUQZHGR2AYHMPGTYYHGOMPE4LYXDOQWAVOAVNVUE2Y', 'SAQEEQKW2DLLVXIWF3XCSDU75KXB3EO64EY75VIVQ4GACXAM6WYHUHOT', 'SUSPENDED', NULL, '2018-04-29 02:01:46', NULL, '2018-03-31 09:37:40', NULL, NULL, NULL, NULL, NULL, NULL, NULL, b'0', NULL, NULL, NULL, NULL, NULL, NULL, NULL),
	(27, '85b22b4705bd4edc8c9e00f0a8c5ebcf', 'popp', 'test', NULL, NULL, NULL, NULL, 1, 'GAJKINUCF4HTBZBF2XDCU6F6SSJEKL6ACABLHRDRME2R7GWZ3PHAWDF3', 'SAJAXHUUOCDOPOZJRBN4HA2LWGHSOHBAF7GO2SZ4FS7AK562YOO6U7UT', 'GAOK6ZI2WD3IYKN2VENHJZXOZBUVZKCWVKEHSUXGYIGIBSGHDKLU4XDL', 'SCSIWJSUSV7D4VB2EDK5FXTQ6NLWXRW5XPNP56SLHJO5OW5N2SFCZ2S2', 'TERMINATED', NULL, '2018-04-29 02:01:46', NULL, '2018-04-19 21:53:49', NULL, NULL, NULL, NULL, NULL, NULL, NULL, b'0', NULL, NULL, NULL, NULL, NULL, NULL, NULL),
	(28, '014bb2ac50f44edeb2d921e3f45f330d', 'SunFlower', 'Test User', NULL, NULL, NULL, NULL, 1, 'GBXBHPISSNFOZXJCXCL6ZMJP7YKHUP4DQMT27PP25KDYCTFN742KNW3C', 'SACRCJODWUFUD433CWXT7IYAEJJW4NZO44KZRVCXNC6AE6FI5QWWPJXP', 'GAXGHXO4RJJKP2PYKUVCEVOHYEL4TC7UBV2AZ445ISA56CPRMAGLMTQT', 'SAHL3PPIUGYKC55RZOC35IGXIMWTL6MCIFKMCZTAPFDBBO54AGIEFDZ6', 'TERMINATED', NULL, '2018-04-29 02:01:46', NULL, '2018-04-20 03:53:52', NULL, NULL, NULL, NULL, NULL, NULL, NULL, b'0', NULL, NULL, NULL, NULL, NULL, NULL, NULL),
	(29, 'b893fb8e2fe4438494145b2362d4f496', 'sunFlower', 'Test', NULL, NULL, NULL, NULL, 1, 'GB335BKBWWSTYKO6FVUIGV4WFQKOMZG7YDGH7N633SOLMFG574JH6WVG', 'SCG7VPH22KAHBTBZODOVTVAXQCKZY22D42ZJ6IZ5QBVKZQW4GK7YEUKI', 'GA2I6I2D7QIGICTPSV7BCJ6B7IPFV4PTYSVACCQJYABGSWDHWU65QJ34', 'SBCVPSIEV4CGNBVNXU7ZCUCKIOC5CCUELIDL2T2FMVBR2HOX6NVHNRQY', 'ACTIVE', NULL, '2018-04-29 02:01:46', NULL, '2018-04-20 05:48:42', NULL, NULL, NULL, NULL, NULL, NULL, NULL, b'0', NULL, NULL, NULL, NULL, NULL, NULL, NULL),
	(30, 'a675c674e7064d7b99543a52ac305f50', 'tinwee crop 2', '', NULL, NULL, NULL, NULL, 1, 'GC25KA5CJJSGXXE6NBY7CB7DHHE4B2BLJVAEN4C7OR5XBW72TFRULI7B', 'SDYK2EMNNMFI5C2CMTQKTCV4I6PMJLADT3KNCLFF22LUXBUJ7C3ZOGMX', 'GBA72CUJWGAZY5KJFTQUZQZWXZCDK4XEHD66CN5M6E3T32KCLCCZ6ZTZ', 'SB7WYYYOPBEQ63CMCBYFH66BR6KW6UCSTOE3TOTYL2MEMOUDM5TZQQKF', 'ACTIVE', NULL, '2018-04-29 02:01:46', NULL, '2018-04-23 14:07:22', NULL, NULL, NULL, NULL, NULL, NULL, NULL, b'0', NULL, NULL, NULL, NULL, NULL, NULL, NULL),
	(37, '3750c980-358a-4178-afda-f57e36518072', 'Test', 'Electra App', 'Test@yopmail.com', '9555814852', NULL, NULL, 1, 'GBN37AMLNF4I7R4NKVK4VEOMHW5TTAWXOGZ7SZICAHW3RQSYGU44334X', 'SDQZT4WVPCUIIGG4TOEZVQZBG47Q5MR5WQAEO7TNPTVMQUDTJZDD55TD', 'GCKD7XPMDJQSAOCELDZW4NHQ4EMVWYAG434EFJE3KYMPJ5JQFNOWQZQR', 'SAVOHRFT7NUSR4DSNBZBN2E6W5SY7GMTE77NZGF3PEPWH7QG734JT73T', 'ACTIVE', NULL, '2018-05-18 13:01:14', NULL, '2018-05-18 13:01:14', NULL, NULL, NULL, NULL, NULL, NULL, NULL, b'0', 'Admin@123', NULL, NULL, 'Test Test', 'GLXUA', '0', NULL),
	(38, 'e9d07d4d-0687-48d4-9b67-584aca7ab8fa', 'aa', 'Electra App', 'aa@yopmail.com', '9015293891', NULL, NULL, 1, 'GCXCGYKWLSWUIGB5QLIZS6LXVWWGZU3YTDGJDOYWMOI63XHJTODDTEFD', 'SCS5NCVJVZKLQ4IP3IWVSOLGEWAZBER73G4XLDHERHCXYNVURWVRN7GC', 'GBLTYE37D26VE6XFQZUYYQNX4G6SOARZI7JR3LBNS6OSDYCQ7KRX5LYW', 'SDMWBSM7ZIKIPJUGEV2VMGKU5CGCM72RWOAA22UU4WJ2SMRWJJJKAPCZ', 'ACTIVE', NULL, '2018-05-18 13:13:34', NULL, '2018-05-18 13:13:34', NULL, NULL, NULL, NULL, NULL, NULL, NULL, b'0', '@Admin123', NULL, NULL, 'Aa Aa', 'GHIUW', '0', NULL),
	(39, '967f531d-d154-4360-b22a-f66fab89c14d', 'Company', 'Electra App', 'NewTest@yopmail.com', '9555814878', NULL, NULL, 1, 'GCCMADFVIGC6Y46WYPR3NCC3TKPG4SU4YQ37Q4EOHCCCWR6EDR2G2TLO', 'SAY4GVB4MFK3MJAHV2B2UAJZKKXVBATAAKRLSNMY3UE44I7L5WHDAYXN', 'GDWNDUEQH3OXZ2IY4233V4WM4I746AGTX4AX5BCZSG2PS57GXSU55TAP', 'SCPRD3ZSSQ77CAK3EODZ4AQJ45MO4CEQHMQNIMMXE6CVEGDWTMFGWVS7', 'ACTIVE', NULL, '2018-05-18 13:33:35', NULL, '2018-05-18 13:33:35', NULL, NULL, NULL, NULL, NULL, NULL, NULL, b'0', '$2a$10$jdfovwUTx0et6N/VadSNK.vdXk0dYashXFl57FUm2aBdhX85t7B4q', NULL, NULL, 'NewTest@yopmail.com', 'PQIRS', '0', 1),
	(40, '9b7cb4e1-09a4-409f-9b4a-bacd6e0523c4', 'aaaaa', 'Electra App', 'sda@yopmail.com', '9015293895', NULL, NULL, 1, 'GCXATGR4DJKIUPG4DX7PLBWUP3SOBBRQQIVAPRNVDDJGKVLNK2J7WSYP', 'SABXNXVC2M4G6XYDSLYE6KGT34KSS3JDZIATUD3GBUTKCUB3LJO5IOSE', 'GCWWJB65DNKZ5NCJLLFZCRR4L3VQHEQPVPXVI6MRH7P6CSQIS2EISYNC', 'SCWFSIYMSJ3GABE5CJN3KRRZSMUVJSMG4OIKT72VNLE26RHY7D5KAVKW', 'ACTIVE', NULL, '2018-05-18 18:26:56', NULL, '2018-05-18 18:26:56', NULL, NULL, NULL, NULL, NULL, NULL, NULL, b'0', '@Admin@123', NULL, NULL, 'Dhhs Bshzh', 'HDHHD', '0', NULL),
	(41, '4ee3e5ac-198b-4778-9769-4ab98b85127d', 'Company', 'Electra App', 'Rajan@yopmail.com', '9555814864', NULL, NULL, 1, 'GCDAMPVJH4YBHHDAVO5EI4SB5T2JLLDHKS7BELQ73LNS4IRQNPWNB4VC', 'SCBUD76PFJHJPICZCYUEQDNZSSTIKFR2LSI3VW6WLG2WLBYMEZO6EXEP', 'GAAOPC45THC2DLY2K2A2MIR73DI4G35OMK5TSRZELB3AJV6WBRBJZCOD', 'SDGXVPBWEZZ3TG3EBIWXIFFTXX6452VGD3PCOIZVTMHQGSGVGSY4J2VR', 'ACTIVE', NULL, '2018-05-18 18:29:34', NULL, '2018-05-18 18:29:34', NULL, NULL, NULL, NULL, NULL, NULL, NULL, b'0', '$2a$10$UAQnnKNCTLXEF/kgxvZedebveQe6nA5C0123ZmG8P75UyttODR4Am', NULL, NULL, 'Rajan@yopmail.com', '5DQUG', '0', 2),
	(42, 'dcf9207d-fdc2-42be-b0bb-4c6d4ba2bc47', 'first company', 'Electra App', 'Rahul@yopmail.com', '9632598859', NULL, NULL, 1, 'GBSBQ66CCBSFXGAZWIW4ALWVPY4QFPCIULFKOTAMUKJRXYLKNSNWKZ2E', 'SA2XFIPVW5YZOMP2WTDK2CVLV5OK42NCPGUAD6O74XAXCI6GAVYSF2LC', 'GC23MTMWQH6EL46ID3ZTG36BAX2MH7GN644QT5SCJF4HT3ZAOVSR2E6J', 'SDTK7NQ2367RT6SE4F55YNQF6D7DAJS6LA2KCPLXPOJZ2GSOJNNKI52P', 'ACTIVE', NULL, '2018-05-19 17:11:31', NULL, '2018-05-19 17:11:31', NULL, NULL, NULL, NULL, NULL, NULL, NULL, b'0', '123456', NULL, NULL, 'nitin malik', 'BP3CP', '0', NULL),
	(43, '53fecd0e-ca5c-4f46-9a32-cac94f7bc09e', 'cddh', 'Electra App', 'santodh@yopmail.com', '9856327412', NULL, NULL, 1, 'GD7BKDBDD4B6T3Q2CUV5RCIQXU5E4ATZLUO574ZNI7RYL736VG7L74IV', 'SCV4KRPIQWY7LGN6JKGFTSU3L4MX56WDCQDQOCQH2LCKXXQ6PA3PQM6O', 'GBYYUVVVBWKB3NMULEH6PNVOF3GZNNEVHLZEZRKKTM365EUKHAFZ37T6', 'SCZAPYU2SXSOSRM2B42CASDP7LGTO4SRXOAEDYORWCYSICKQJQS6OS5F', 'ACTIVE', NULL, '2018-05-21 11:03:27', NULL, '2018-05-21 11:03:27', NULL, NULL, NULL, NULL, NULL, NULL, NULL, b'0', '$2a$10$m3/fa.qa9LKh4QeUZuOm9OQEBI1qjG3nd8O0sbikgvuk27YSUE3Qe', NULL, NULL, 'santodh@yopmail.com', 'PZSF7', '0', 3),
	(44, 'dbef0d67-dff4-4de8-9197-22e461de8dc2', 'dbdh', 'Electra App', 'sachkopl@yopmail.com', '9685321473', NULL, NULL, 1, 'GC4EZEOFFYBNY6EKDZRPZEF2PWMMGNSHQCAAM76R64RDLEQBI4UGT6GO', 'SATNCDKH6QVVFQZUA4MSKGHBWPOMMHILCYFSGCE3VMHKXCRBR6ZS7NAI', 'GDV3HLKD6OQCKXOIDYOQJRE673S3YH3ED2VQ45X6UFDAWJMRNP6744XT', 'SBYQFYBMCHNA7JF4G3Z7SBCEI6AT3FVOZG5CBYJBFRI6KIANRGMRHCCI', 'ACTIVE', NULL, '2018-05-21 11:09:07', NULL, '2018-05-21 11:09:07', NULL, NULL, NULL, NULL, NULL, NULL, NULL, b'0', 'Sach@123', NULL, NULL, 'Ddh J', 'P2FS7', '0', NULL),
	(45, '92e85737-1309-4b90-be70-4541c9bb6685', 'ffxj', 'Electra App', 'sachinypl@yopmail.com', '9685321476', NULL, NULL, 1, 'GD236V57AY2DFAWFGYXKCYW5GPUOZNWNDLQO5W7E7BEQ3NG7YP7RFONW', 'SCWFUPFW7OJZFRZYDFBGQD5J7LVT72ZGJUA5J2C54C46EOF45JBXFDEJ', 'GDENY5XCZPLR6WJGSDRBP7VKUIWZSZUJ5WWZ3HRKHVQNSO3LB4GYI5Y5', 'SDS5PAARSQUEYTC7M4P6JIJ7M5NIDX4DZQPIWZOSQCPHLNPBRMO5O4HT', 'ACTIVE', NULL, '2018-05-21 11:12:37', NULL, '2018-05-21 11:12:37', NULL, NULL, NULL, NULL, NULL, NULL, NULL, b'0', 'Sach@123', NULL, NULL, 'Fddh Rnrj', 'PZFS7', '0', NULL),
	(46, '97fbcebf-da0f-4129-8432-22bdf3ed9c43', 'ram', 'Electra App', 'ramram@yopmail.com', '9015293841', NULL, NULL, 1, 'GDYYYHPWHYRBZPHOUQGNJOGJE6PXE4QDHYEAWW4ZFFY54J6H76QIASKI', 'SDGUBIDMSN3KT43VM7DFTSZS4DGKNWKBTI2F53ZEBLMIRYGVCTAE4AHT', 'GCJPIWJKQH2TBDMEEX6WXLJO7EPKAUFOYBQR2LMYQRTGI2KLM3QYG3IE', 'SBWP3MRAYAVR2HD3HRQR6BVPY26KYVA6A4AMIEG74WGGWDKJCJMLDOFZ', 'ACTIVE', NULL, '2018-05-21 13:20:36', NULL, '2018-05-21 13:20:36', NULL, NULL, NULL, NULL, NULL, NULL, NULL, b'0', '$2a$10$Nz09U/USxw/0a/.iiuhds.Bcv6D85E.PRoIa3HRgmyMKpsXFSI/5i', NULL, NULL, 'ramram@yopmail.com', 'WSGUK', '0', 4),
	(47, 'bb962a1e-f400-41ab-a500-6ff2f07db121', 'gjjfg', 'Electra App', 'sachin.kmr@yopmail.com', '8750857419', NULL, NULL, 1, 'GD6BML6WM5YG3ITYRIWCQ6OBM4LW5UZN5L22PVONSUWUT36BD3DU3ZUR', 'SDW2SN4JGFANTRVZ7VJPFMRYPCIZ27AWI5CO6FLJSA6SBM3LQPJ27MTF', 'GBUYKUPUEVM5TOTQKDURCBLUNE2RSUKVFXRO7XKK4LDOUNM62SRIJBDW', 'SBELQ5HURT43IXDUNSD5FDJGTVDQO5HWL43LUZIDZZIPZBDJQ5SFYRNE', 'ACTIVE', NULL, '2018-05-21 13:37:56', NULL, '2018-05-21 13:37:56', NULL, NULL, NULL, NULL, NULL, NULL, NULL, b'0', 'Sach@123', NULL, NULL, 'Sachin Chauhan', 'EIXHO', '0', NULL),
	(48, 'bf2268e0-dcb9-4bbf-b273-e29b42eefc71', 'kznhd', 'Electra App', 'sach.kmr@yopmail.com', '8763254198', NULL, NULL, 1, 'GAF7FPWCQO2BYAMFDCOFSLGSMRMZRKUBFAMJMQU2Z5IMNRBG5QPT4JBG', 'SADA4AGMSVM45AUBLD2SG4TBEXE2WL3RUQ2PBDFK2H32HYIAZXSYDQOB', 'GCZNKWU6AW2AS3WKP7AHRGRDPOCK4SDFRLRVDDSG2SJA7BY574MZGJLQ', 'SBZ7S5WD52DNS7XZBZVGRUSRXLGR3L5R4M7TFZZLM65IUR6ZNRHJOIC6', 'ACTIVE', NULL, '2018-05-21 13:43:21', NULL, '2018-05-21 13:43:21', NULL, NULL, NULL, NULL, NULL, NULL, NULL, b'0', '$2a$10$a4dgnUQFSpD4VsnPDmQl5.9IdNQRB6/P0CD.7N8mR5tUmRZNu1Mga', NULL, NULL, 'sach.kmr@yopmail.com', 'PIL3B', '0', 5),
	(49, '8be4007d-9684-4a69-9a97-1e9825ca6992', 'irl', 'Electra App', 'client@yopmail.com', '9897085285', NULL, NULL, 1, 'GBNOZFRRZ4GNLJZ7HD43YMXURBKUJUZ5P5E7CQYO3FKQ7QZOVCU5GGPJ', 'SAJJVMAH52PGL2DW6FN2WNYSZ7W7JYXVUNUKTUP5XPDNBZ76FRFJZKUM', 'GDDL44ZA6JWCI47HC4MYDDZUXZYANQHCT2HIWSMN3RQINS3ZZUV22T5I', 'SBZ255VRXZ32SIBIYATEXLD76OYHADRO4Q7HORZXB5ZGHVHNIF4GRGZQ', 'ACTIVE', NULL, '2018-05-21 14:22:01', NULL, '2018-05-21 14:22:01', NULL, NULL, NULL, NULL, NULL, NULL, NULL, b'0', '$2a$10$0OmjI/nZnAQDiSf9PF5gIuZpKumcFMp0cTaA39O8u4X2LfiHsqU32', NULL, NULL, 'client@yopmail.com', 'RBSIT', '0', 6),
	(50, 'a5449c98-813e-4cdf-ad52-6b4285278757', 'irl', 'Electra App', 'b@yopmail.com', '9897095002', NULL, NULL, 1, 'GDN7PVC6QI7XBRFPYH5OJ3Z4VPOIGKAG5KR33SXNMGJXLRYZJV3R7AH2', 'SB7F52PS2PCTMVEZDHQSDNZHUG4HYOTNFZP2OE6KQLUJIH5ZEJCHB2JE', 'GASDKH6P2YTZPXYEGRVS4GTCZ6LJHIQS5EHVOSNQ2WVVAVN3RQOMFJ3R', 'SAGDK2MHFQPDQEFZLYY3QKJAUCNALIW7PXQ4JM7IKZULUCPTPA62ZJR6', 'ACTIVE', NULL, '2018-05-21 15:03:52', NULL, '2018-05-21 15:03:52', NULL, NULL, NULL, NULL, NULL, NULL, NULL, b'0', 'Abhi@123', NULL, NULL, 'B User', 'RSBIT', '0', NULL),
	(51, 'b0b98be5-ea5b-4bba-8f7a-ecdeb526a548', 'Electraa', 'Electra App', 'ElectraRaj@yopmail.com', '9555814890', NULL, NULL, 1, 'GBPRJ47RN26YYW56GPSI3KEZ4X6HGCY5HOLI2IDA3AUZDGEP3LIXHPX2', 'SADD7BV2CHF26GKNVSMFPUNR7VKAMVMT2ERZ4TP46XNGFXQSL2NIHGDQ', 'GC43CDGAZB3PSL3NN2BN4XQ3T4G5WDFE4NULBE4O4HBXC5SPNJG3FUQK', 'SAOTMVZGCBFEGYNYJZHMRJOYZZU4FQHJJYYI7U5CPTFBTXVSURH6LJND', 'ACTIVE', NULL, '2018-05-21 15:15:29', NULL, '2018-05-21 15:06:56', NULL, NULL, NULL, NULL, NULL, NULL, NULL, b'0', 'Admin@123', NULL, NULL, 'Electra Raj', '50XM0', '0', NULL),
	(52, '1866777d-9eb7-415c-bacd-b457b1349fd5', 'Royal', 'Electra App', 'RoyalRaj@yopmail.com', '9555814870', NULL, NULL, 1, 'GDLQULAFUJDO3OJ6VSCXB3USTAGUTLX7UE64IAXG5QR6TMXJPGGPAJJQ', 'SAP7UYBQ7UYJROTQU6I7JE7XHRJ3FJYFVYH34IFRMHYCRACURIS4O2UI', 'GDQYRXEMQP27MWNBM2DWLRQLB7LCPNWJCNVXDASMGW6A5DSP6S74EDZC', 'SAHBT4ANTSUTKNPPP5Q7UINW7R4FIFBDHG3F3PMYZLYEKC7B5KRXE23F', 'ACTIVE', NULL, '2018-05-21 15:13:56', NULL, '2018-05-21 15:13:56', NULL, NULL, NULL, NULL, NULL, NULL, NULL, b'0', '$2a$10$ddaa36PBz.Zs7YsUeF/I6efFlfp6Vu/rlzQ3G88vmAYk8t.k27dS2', NULL, NULL, 'RoyalRaj@yopmail.com', 'ZFY4F', '0', 7),
	(53, 'ef6de9f6-980b-42da-8841-7aabf388ca5d', 'bgsg', 'Electra App', 'santmah@yopmail.com', '9632874365', NULL, NULL, 1, 'GCDPOYQZNEIRNC52BMPMY5FQFXBNYSLS2DPWLVEJS4OEFTEJWPVWUNS7', 'SAAL7X2MYVFT2WHINMTTFPIJXAJVAQM36SO2LZVK2W6XXQ3ST7HGNXKI', 'GCANCQCUEIUFM75XA7PBDLX4RSJFWG5TUMAMZOPAPQQ2OBF2BGVDXI2D', 'SBTTJLVOWFWXE2UONALUA2Y6WNVXRHI65QHBWE6KFWXTCWLNUODN3EXQ', 'ACTIVE', NULL, '2018-05-21 15:35:11', NULL, '2018-05-21 15:35:11', NULL, NULL, NULL, NULL, NULL, NULL, NULL, b'0', '$2a$10$UjvxM7fX1Hx559KigyZn5OQS8Up6bNq1YaTCFO5Z0DH/.7f.ukAcG', NULL, NULL, 'santmah@yopmail.com', 'QROIY', '0', 8),
	(54, '0b01785a-afe4-4b66-9394-2a7e51a33671', 'King', 'Electra App', 'KingMaker@yopmail.com', '9555814822', NULL, NULL, 1, 'GC7RMBQ424WWIWWZDXUCD5ILFNYIOUQ62Y3OEELCWCFYLTKYMRHNS47K', 'SBHFDZ4ET7CC6XT4U46REVSIEWUVXNOIPENPLX2POAHNMQW3WDEK7JLY', 'GBNWQPBICET4WIYAVVIXLHRDKE75KFXHQCOOCG5S2HAH7EDBOM7PNEXE', 'SA2IRR4CF7X4PXEFQGAWVOGSDQZNVHUFBW2P6F3DVIC4GLKU2AG4VRHY', 'ACTIVE', NULL, '2018-05-21 17:34:32', NULL, '2018-05-21 17:34:32', NULL, NULL, NULL, NULL, NULL, NULL, NULL, b'0', '$2a$10$Ks9etgp9IDlhyw.M9sjyTOrPJCYumBlN.j0gKd.mDTKwNrVK79p1a', NULL, NULL, 'KingMaker@yopmail.com', 'G34HU', '0', 9);
/*!40000 ALTER TABLE `client` ENABLE KEYS */;

-- Dumping structure for table electra_schema.client_agent_invitation
CREATE TABLE IF NOT EXISTS `client_agent_invitation` (
  `invitation_id` int(11) NOT NULL auto_increment,
  `client_id` int(11) NOT NULL,
  `email_address` varchar(50) default NULL,
  `invitation_date` datetime NOT NULL,
  `is_register` bit(1) NOT NULL,
  `mobile_number` varchar(50) default NULL,
  PRIMARY KEY  (`invitation_id`)
) ENGINE=InnoDB DEFAULT CHARSET=latin1;

-- Dumping data for table electra_schema.client_agent_invitation: ~52 rows (approximately)
DELETE FROM `client_agent_invitation`;
/*!40000 ALTER TABLE `client_agent_invitation` DISABLE KEYS */;
INSERT INTO `client_agent_invitation` (`invitation_id`, `client_id`, `email_address`, `invitation_date`, `is_register`, `mobile_number`) VALUES
	(22, 1, NULL, '2018-05-17 16:27:20', b'0', '7982263742'),
	(23, 1, NULL, '2018-05-16 17:24:40', b'0', '6473907083'),
	(24, 1, NULL, '2018-05-17 16:20:38', b'0', '7982263745'),
	(25, 39, 'Sumitraj@yopmail.com', '2018-05-18 13:47:52', b'1', NULL),
	(26, 41, 'Sunny@yopmail.com', '2018-05-18 18:40:00', b'1', NULL),
	(27, 41, 'Ravi@yopmail.com', '2018-05-18 18:40:06', b'1', NULL),
	(28, 41, 'Raju@yopmail.com', '2018-05-18 18:40:10', b'0', NULL),
	(29, 41, 'Abhay@yopmail.com', '2018-05-18 18:40:14', b'1', NULL),
	(30, 41, 'Rajan@yopmail.com', '2018-05-18 18:40:19', b'1', NULL),
	(31, 41, NULL, '2018-05-18 18:40:20', b'1', '7903163996'),
	(32, 43, 'rajutwo@yopmail.com', '2018-05-18 18:40:20', b'1', ''),
	(33, 43, 'rajuthree@yopmail.com', '2018-05-18 19:09:56', b'1', ''),
	(34, 46, 'ramram1@yopmail.com', '2018-05-21 13:23:35', b'1', NULL),
	(35, 46, 'ramram2@yopmail.com', '2018-05-21 13:31:54', b'1', NULL),
	(36, 48, 'sach@yopmail.com', '2018-05-21 13:47:23', b'1', NULL),
	(37, 49, 'a@yopmail.com', '2018-05-21 14:32:29', b'1', NULL),
	(38, 49, 'b@yopmail.com', '2018-05-21 14:32:35', b'0', NULL),
	(39, 49, 'c@yopmail.com', '2018-05-21 14:32:39', b'1', NULL),
	(40, 49, 'd@yopmail.com', '2018-05-21 14:32:45', b'1', NULL),
	(41, 49, 'e@yopmail.com', '2018-05-21 14:32:49', b'1', NULL),
	(42, 49, 'f@yopmail.com', '2018-05-21 14:32:54', b'1', NULL),
	(43, 49, 'g@yopmail.com', '2018-05-21 14:32:58', b'1', NULL),
	(44, 49, 'h@yopmail.com', '2018-05-21 14:33:04', b'1', NULL),
	(45, 49, 'i@yopmail.com', '2018-05-21 14:33:09', b'1', NULL),
	(46, 52, 'Agent1@yopmail.com', '2018-05-21 15:32:58', b'1', NULL),
	(47, 52, 'Agent2@yopmail.com', '2018-05-21 15:33:03', b'1', NULL),
	(48, 52, 'Agent3@yopmail.com', '2018-05-21 15:33:08', b'1', NULL),
	(49, 52, 'Agent4@yopmail.com', '2018-05-21 15:33:12', b'1', NULL),
	(50, 52, 'Agent5@yopmail.com', '2018-05-21 15:33:17', b'1', NULL),
	(51, 53, 'santsach@yopmail.com', '2018-05-21 15:37:32', b'1', NULL),
	(52, 52, 'Agent6@yopmail.com', '2018-05-21 16:18:52', b'1', NULL),
	(53, 52, 'Agent7@yopmail.com', '2018-05-21 16:18:56', b'1', NULL),
	(54, 52, 'Agent8@yopmail.com', '2018-05-21 16:19:01', b'1', NULL),
	(55, 52, 'Agent9@yopmail.com', '2018-05-21 16:19:06', b'1', NULL),
	(56, 52, 'Agent10@yopmail.com', '2018-05-21 16:19:10', b'1', NULL),
	(57, 49, 'b1@yopmail.com', '2018-05-21 16:29:58', b'1', NULL),
	(58, 49, NULL, '2018-05-21 16:30:00', b'0', '9897096002'),
	(59, 49, NULL, '2018-05-21 16:40:31', b'0', '9897096005'),
	(60, 49, NULL, '2018-05-21 16:41:21', b'1', '65555555'),
	(61, 49, 'a1@yopmail.com', '2018-05-21 16:44:32', b'1', NULL),
	(62, 49, 'r1@yopmail.com', '2018-05-21 16:47:43', b'0', NULL),
	(63, 52, 'Agent11@yopmail.com', '2018-05-21 16:47:46', b'1', NULL),
	(64, 54, 'KingMakerAgent1@yopmail.com', '2018-05-21 17:44:15', b'1', NULL),
	(65, 54, 'KingMakerAgent2@yopmail.com', '2018-05-21 17:44:19', b'1', NULL),
	(66, 54, 'KingMakerAgent3@yopmail.com', '2018-05-21 17:44:23', b'1', NULL),
	(67, 54, 'KingMakerAgent4@yopmail.com', '2018-05-21 17:44:27', b'1', NULL),
	(68, 54, 'KingMakerAgent5@yopmail.com', '2018-05-21 17:44:32', b'1', NULL),
	(69, 54, 'KingMakerAgent6@yopmail.com', '2018-05-21 17:44:36', b'1', NULL),
	(70, 54, 'KingMakerAgent7@yopmail.com', '2018-05-21 17:44:40', b'1', NULL),
	(71, 54, 'KingMakerAgent8@yopmail.com', '2018-05-21 17:44:44', b'1', NULL),
	(72, 54, 'KingMakerAgent9@yopmail.com', '2018-05-21 17:44:49', b'1', NULL),
	(73, 54, 'KingMakerAgent10@yopmail.com', '2018-05-21 17:44:54', b'1', NULL);
/*!40000 ALTER TABLE `client_agent_invitation` ENABLE KEYS */;

-- Dumping structure for table electra_schema.client_asset_tokens
CREATE TABLE IF NOT EXISTS `client_asset_tokens` (
  `client_id` int(11) NOT NULL,
  `token_id` int(11) NOT NULL auto_increment,
  `token_correlation_id` varchar(50) NOT NULL,
  `token_name` varchar(50) NOT NULL,
  `token_code` varchar(20) NOT NULL,
  `token_description` varchar(255) default NULL,
  `batch_quantity` bigint(20) NOT NULL,
  `provisioned_quantity` bigint(20) default NULL,
  `issuing_account_secret_key` varchar(255) default NULL,
  `issuing_account_public_key` varchar(255) default NULL,
  `base_txn_account_secret_key` varchar(255) default NULL,
  `base_txn_account_public_key` varchar(255) default NULL,
  `status` enum('ACTIVE','SUSPENDED') default 'ACTIVE',
  `created_by` int(11) default NULL,
  `created_date` timestamp NOT NULL default CURRENT_TIMESTAMP on update CURRENT_TIMESTAMP,
  `modified_by` int(11) default NULL,
  `modified_date` timestamp NOT NULL default '0000-00-00 00:00:00',
  PRIMARY KEY  (`token_id`),
  KEY `FKmlru5n7uw1l6k8quaoh6ue6h5` (`client_id`),
  CONSTRAINT `FKmlru5n7uw1l6k8quaoh6ue6h5` FOREIGN KEY (`client_id`) REFERENCES `client` (`client_id`)
) ENGINE=InnoDB DEFAULT CHARSET=utf8;

-- Dumping data for table electra_schema.client_asset_tokens: ~26 rows (approximately)
DELETE FROM `client_asset_tokens`;
/*!40000 ALTER TABLE `client_asset_tokens` DISABLE KEYS */;
INSERT INTO `client_asset_tokens` (`client_id`, `token_id`, `token_correlation_id`, `token_name`, `token_code`, `token_description`, `batch_quantity`, `provisioned_quantity`, `issuing_account_secret_key`, `issuing_account_public_key`, `base_txn_account_secret_key`, `base_txn_account_public_key`, `status`, `created_by`, `created_date`, `modified_by`, `modified_date`) VALUES
	(1, 1, '2577e83a16434e5e8c54009f2c92ec29', 'SGT tokens', 'SGT', 'SendX SGT tokens ', 1000, NULL, '', '', '', '', NULL, NULL, '2018-01-10 23:48:25', NULL, '2017-11-02 18:13:08'),
	(1, 2, '6f33ba3c-ea87-4472-8580-561d9ecfb5ff', 'KuKU', 'KUT', NULL, 100, NULL, NULL, NULL, NULL, NULL, NULL, NULL, '2018-02-28 19:19:02', NULL, '2018-02-28 19:19:02'),
	(1, 6, '947aa0d1-4783-4670-855e-c25dfe68946c', 'SDXTOKEN', 'SDX', NULL, 25000, NULL, NULL, NULL, NULL, NULL, NULL, NULL, '2018-03-07 11:17:42', NULL, '2018-03-07 11:17:42'),
	(1, 13, '211043ac-ad40-450f-8dbc-10a3c054637e', 'SGT', 'SKK', NULL, 125, NULL, NULL, NULL, NULL, NULL, NULL, NULL, '2018-03-13 20:24:54', NULL, '2018-03-13 20:24:54'),
	(1, 14, '7139d67b-d669-431c-bbbf-2b8bf79ff74c', 'Token one', 'TKN', NULL, 1000, NULL, NULL, NULL, NULL, NULL, NULL, NULL, '2018-03-14 10:30:57', NULL, '2018-03-14 10:30:57'),
	(9, 15, 'f2cc6342-85e2-4ec0-998a-fbe5f342a46e', 'Twelve', 'TWE', NULL, 12, NULL, NULL, NULL, NULL, NULL, NULL, NULL, '2018-03-16 19:22:58', NULL, '2018-03-16 19:22:58'),
	(1, 16, '9d4f3c20-5689-438a-9a23-50e4d5a41759', 'Sendx', 'IOP', NULL, 20, NULL, NULL, NULL, NULL, NULL, NULL, NULL, '2018-03-16 19:30:01', NULL, '2018-03-16 19:30:01'),
	(10, 17, 'cf600cde-c1ee-4bf9-9ee5-f53895622b9d', 'LG Token', 'LGT', NULL, 1000, NULL, NULL, NULL, NULL, NULL, NULL, NULL, '2018-03-17 14:17:43', NULL, '2018-03-17 14:17:43'),
	(1, 27, '3bdab646-e5fe-4dfe-b05a-548972f4f491', 'tinwee token', 'TWT', NULL, 100, NULL, NULL, NULL, NULL, NULL, NULL, NULL, '2018-04-06 10:09:37', NULL, '2018-04-06 10:09:37'),
	(1, 28, '9faa5b3d-53ae-4f13-ac28-dc10b1e0c55c', 'NMYR', 'NYR', NULL, 101, NULL, NULL, NULL, NULL, NULL, NULL, NULL, '2018-04-11 08:12:20', NULL, '2018-04-11 08:12:20'),
	(28, 31, 'd64b1364-15d7-4ce6-943a-ef01a0b68e0d', 'Test', 'QWE', NULL, 100, NULL, NULL, NULL, NULL, NULL, NULL, NULL, '2018-04-20 05:43:39', NULL, '2018-04-20 05:43:39'),
	(1, 32, '8b929807-6c1d-4ec9-a1ce-9c0d73a0bfd8', 'ABHI', 'ABH', NULL, 10, NULL, NULL, NULL, NULL, NULL, NULL, NULL, '2018-04-24 17:25:26', NULL, '2018-04-24 17:25:26'),
	(1, 33, '42dd1167-001f-4af1-9699-7c8f98832944', 'ABHIS', 'ABS', NULL, 15, NULL, NULL, NULL, NULL, NULL, NULL, NULL, '2018-04-24 17:40:54', NULL, '2018-04-24 17:40:54'),
	(1, 34, 'd8c776a4-ff63-4e45-b3df-7220d36747bb', 'INR', 'INR', NULL, 10, NULL, NULL, NULL, NULL, NULL, NULL, NULL, '2018-04-25 11:06:31', NULL, '2018-04-25 11:06:31'),
	(1, 35, 'e762fbbf-1431-4636-aa64-9c570013fa0b', 'AWS', 'AWS', NULL, 12, NULL, NULL, NULL, NULL, NULL, NULL, NULL, '2018-04-28 00:45:17', NULL, '2018-04-28 00:45:17'),
	(1, 36, 'd17a346f-57ce-4186-a948-c8b494acee01', 'AWI', 'AWI', NULL, 15, NULL, NULL, NULL, NULL, NULL, NULL, NULL, '2018-04-28 00:48:22', NULL, '2018-04-28 00:48:22'),
	(1, 37, '16d8e2b7-6b34-4002-9da3-a297948930ba', 'AWB', 'AWB', NULL, 5, NULL, NULL, NULL, NULL, NULL, NULL, NULL, '2018-04-28 02:00:12', NULL, '2018-04-28 02:00:12'),
	(1, 38, 'ff2b4064-e92d-4928-a02a-6941f2d1f4e0', 'TST', 'TST', NULL, 8, NULL, NULL, NULL, NULL, NULL, NULL, NULL, '2018-04-28 21:13:49', NULL, '2018-04-28 21:13:49'),
	(29, 39, 'a0e884e9-2a38-4e70-9b06-25f6f4860e81', 'TPO', 'TPO', NULL, 1, NULL, NULL, NULL, NULL, NULL, NULL, NULL, '2018-04-28 21:18:37', NULL, '2018-04-28 21:18:37'),
	(42, 41, '96bb6659-3352-45b9-be2d-a3ce2b485609', 'CPMto', 'CPB', NULL, 1000, NULL, NULL, NULL, NULL, NULL, NULL, NULL, '2018-05-19 19:16:00', NULL, '2018-05-19 19:16:00'),
	(43, 42, 'e63e835a-4a2c-4782-a927-f7b04f885ed5', 'CPMto', 'CKZ', NULL, 1000, NULL, NULL, NULL, NULL, NULL, NULL, NULL, '2018-05-21 11:25:20', NULL, '2018-05-21 11:25:20'),
	(46, 43, '28d15a95-ce41-4734-aa47-88911a2eb81e', 'Mytoken', 'MTG', NULL, 100, NULL, NULL, NULL, NULL, NULL, NULL, NULL, '2018-05-21 13:25:54', NULL, '2018-05-21 13:25:54'),
	(48, 44, 'b1550c08-11e2-4e34-9094-fd1b6c0e97f4', 'PILtoken', 'PIL', NULL, 100, NULL, NULL, NULL, NULL, NULL, NULL, NULL, '2018-05-21 13:46:41', NULL, '2018-05-21 13:46:41'),
	(49, 45, '277e9a37-3ae0-40aa-bb39-a7022565e211', 'IRL', 'IRL', NULL, 5, NULL, NULL, NULL, NULL, NULL, NULL, NULL, '2018-05-21 14:37:36', NULL, '2018-05-21 14:37:36'),
	(52, 46, 'ebb91a33-7457-4114-9c28-3f7c01701b44', 'Royal', 'TYU', NULL, 100, NULL, NULL, NULL, NULL, NULL, NULL, NULL, '2018-05-21 15:49:51', NULL, '2018-05-21 15:49:51'),
	(54, 47, '6a300d18-df99-4d3e-ab04-4eeb2a7a728b', 'MMF tokens', 'MMF', NULL, 1000, NULL, NULL, NULL, NULL, NULL, NULL, NULL, '2018-05-28 14:42:17', NULL, '2018-05-28 14:42:17');
/*!40000 ALTER TABLE `client_asset_tokens` ENABLE KEYS */;

-- Dumping structure for table electra_schema.client_asset_tokens_client_token_configuration
CREATE TABLE IF NOT EXISTS `client_asset_tokens_client_token_configuration` (
  `client_asset_token_token_id` int(11) NOT NULL,
  `client_token_configuration_client_token_config_id` int(11) NOT NULL,
  UNIQUE KEY `UK_tbndn3x05sb2ywqeqlo55bbvr` (`client_token_configuration_client_token_config_id`),
  KEY `FKrdnny33svbqkwa4euhvf8e086` (`client_asset_token_token_id`),
  CONSTRAINT `FKbxwdurjwki7xo8p6m90osatyk` FOREIGN KEY (`client_token_configuration_client_token_config_id`) REFERENCES `client_token_configuration` (`client_token_config_id`),
  CONSTRAINT `FKrdnny33svbqkwa4euhvf8e086` FOREIGN KEY (`client_asset_token_token_id`) REFERENCES `client_asset_tokens` (`token_id`)
) ENGINE=InnoDB DEFAULT CHARSET=latin1;

-- Dumping data for table electra_schema.client_asset_tokens_client_token_configuration: ~0 rows (approximately)
DELETE FROM `client_asset_tokens_client_token_configuration`;
/*!40000 ALTER TABLE `client_asset_tokens_client_token_configuration` DISABLE KEYS */;
/*!40000 ALTER TABLE `client_asset_tokens_client_token_configuration` ENABLE KEYS */;

-- Dumping structure for table electra_schema.client_configuration
CREATE TABLE IF NOT EXISTS `client_configuration` (
  `client_id` int(11) NOT NULL,
  `client_config_id` int(11) NOT NULL,
  `master_client_config_id` int(11) NOT NULL,
  `value` varchar(50) default NULL,
  `is_enabled` tinyint(1) NOT NULL default '1',
  `enablement_date` timestamp NOT NULL default CURRENT_TIMESTAMP on update CURRENT_TIMESTAMP,
  `expiry_date` timestamp NOT NULL default '0000-00-00 00:00:00',
  `created_by` int(11) default NULL,
  `created_date` timestamp NULL default NULL,
  `modified_by` int(11) default NULL,
  `modified_date` timestamp NULL default NULL,
  PRIMARY KEY  (`client_config_id`),
  KEY `FK8nt6s5tsfn719bjio3ye94ch5` (`client_id`),
  KEY `FK1m75ggied9qlnvl82yotf6afe` (`master_client_config_id`),
  CONSTRAINT `FK1m75ggied9qlnvl82yotf6afe` FOREIGN KEY (`master_client_config_id`) REFERENCES `client_configuration_master` (`master_client_config_id`),
  CONSTRAINT `FK8nt6s5tsfn719bjio3ye94ch5` FOREIGN KEY (`client_id`) REFERENCES `client` (`client_id`)
) ENGINE=InnoDB DEFAULT CHARSET=utf8;

-- Dumping data for table electra_schema.client_configuration: ~0 rows (approximately)
DELETE FROM `client_configuration`;
/*!40000 ALTER TABLE `client_configuration` DISABLE KEYS */;
/*!40000 ALTER TABLE `client_configuration` ENABLE KEYS */;

-- Dumping structure for table electra_schema.client_configuration_master
CREATE TABLE IF NOT EXISTS `client_configuration_master` (
  `master_client_config_id` int(11) NOT NULL,
  `config_title` varchar(255) NOT NULL,
  `config_code` varchar(255) NOT NULL,
  `config_description` varchar(255) default NULL,
  `default_value` varchar(255) default NULL,
  `created_by` int(11) default NULL,
  `created_date` timestamp NOT NULL default CURRENT_TIMESTAMP on update CURRENT_TIMESTAMP,
  `modified_by` int(11) default NULL,
  `modified_date` timestamp NOT NULL default '0000-00-00 00:00:00',
  PRIMARY KEY  (`master_client_config_id`)
) ENGINE=InnoDB DEFAULT CHARSET=utf8;

-- Dumping data for table electra_schema.client_configuration_master: ~0 rows (approximately)
DELETE FROM `client_configuration_master`;
/*!40000 ALTER TABLE `client_configuration_master` DISABLE KEYS */;
/*!40000 ALTER TABLE `client_configuration_master` ENABLE KEYS */;

-- Dumping structure for table electra_schema.client_credentials
CREATE TABLE IF NOT EXISTS `client_credentials` (
  `client_id` int(11) NOT NULL,
  `credential_id` int(11) NOT NULL auto_increment,
  `client_api_key` varchar(255) NOT NULL,
  `client_api_secret` varchar(255) NOT NULL,
  `status` enum('ACTIVE','BLOCKED','SUSPENDED') NOT NULL default 'ACTIVE',
  `resource_ids` varchar(255) NOT NULL,
  `scopes` varchar(255) NOT NULL,
  `grant_types` varchar(255) NOT NULL,
  `authorities` varchar(255) NOT NULL,
  `access_token_validity` int(11) NOT NULL default '30',
  `additional_information` varchar(255) default NULL,
  `created_by` int(11) default NULL,
  `created_date` timestamp NOT NULL default CURRENT_TIMESTAMP on update CURRENT_TIMESTAMP,
  `modified_by` int(11) default NULL,
  `modified_date` timestamp NOT NULL default '0000-00-00 00:00:00',
  PRIMARY KEY  (`credential_id`)
) ENGINE=InnoDB DEFAULT CHARSET=utf8;

-- Dumping data for table electra_schema.client_credentials: ~29 rows (approximately)
DELETE FROM `client_credentials`;
/*!40000 ALTER TABLE `client_credentials` DISABLE KEYS */;
INSERT INTO `client_credentials` (`client_id`, `credential_id`, `client_api_key`, `client_api_secret`, `status`, `resource_ids`, `scopes`, `grant_types`, `authorities`, `access_token_validity`, `additional_information`, `created_by`, `created_date`, `modified_by`, `modified_date`) VALUES
	(1, 1, 'electra', '$2a$10$yo5ogUt0fFPS4638WcoAqOs4uubIxmMOEkJvoI58kv0.zR09D4PPm', 'ACTIVE', 'sendxRestAPI', 'trust, read, write', 'client_credentials', 'USER', 300000000, 'additionalInformation', 1, '2017-11-09 20:04:38', NULL, '2017-11-09 20:04:38'),
	(9, 9, 'clientApiKey', 'John Smith Nic.', 'BLOCKED', 'sendxRestAPI', 'trust, read, write', 'client_credentials', 'USER', 30000, 'additionalInformation', 1, '2018-03-16 19:20:19', NULL, '2018-03-16 19:20:19'),
	(10, 10, 'clientApiKey', 'LG Enterprise', 'BLOCKED', 'sendxRestAPI', 'trust, read, write', 'client_credentials', 'USER', 30000, 'additionalInformation', 1, '2018-03-16 21:25:53', NULL, '2018-03-16 21:25:53'),
	(11, 11, 'clientApiKey', 'Samsung Ltd', 'BLOCKED', 'sendxRestAPI', 'trust, read, write', 'client_credentials', 'USER', 30000, 'additionalInformation', 1, '2018-03-16 21:27:59', NULL, '2018-03-16 21:27:59'),
	(12, 12, 'clientApiKey', 'NSystem', 'BLOCKED', 'sendxRestAPI', 'trust, read, write', 'client_credentials', 'USER', 30000, 'additionalInformation', 1, '2018-03-21 10:41:25', NULL, '2018-03-21 10:41:25'),
	(13, 13, 'clientApiKey', 'JP Alliance', 'BLOCKED', 'sendxRestAPI', 'trust, read, write', 'client_credentials', 'USER', 30000, 'additionalInformation', 1, '2018-03-21 10:52:35', NULL, '2018-03-21 10:52:35'),
	(16, 16, 'clientApiKey', 'Tin Wee Corp', 'BLOCKED', 'sendxRestAPI', 'trust, read, write', 'client_credentials', 'USER', 30000, 'additionalInformation', 1, '2018-03-31 09:37:41', NULL, '2018-03-31 09:37:40'),
	(27, 26, 'clientApiKey', 'popp', 'BLOCKED', 'sendxRestAPI', 'trust, read, write', 'client_credentials', 'USER', 30000, 'additionalInformation', 1, '2018-04-19 21:53:46', NULL, '2018-04-19 21:53:49'),
	(28, 27, 'clientApiKey', 'SunFlower', 'BLOCKED', 'sendxRestAPI', 'trust, read, write', 'client_credentials', 'USER', 30000, 'additionalInformation', 1, '2018-04-20 03:53:52', NULL, '2018-04-20 03:53:52'),
	(29, 28, 'clientApiKey', 'sunFlower', 'BLOCKED', 'sendxRestAPI', 'trust, read, write', 'client_credentials', 'USER', 30000, 'additionalInformation', 1, '2018-04-20 05:48:42', NULL, '2018-04-20 05:48:42'),
	(30, 29, 'clientApiKey', 'tinwee crop 2', 'BLOCKED', 'sendxRestAPI', 'trust, read, write', 'client_credentials', 'USER', 30000, 'additionalInformation', 1, '2018-04-23 14:07:22', NULL, '2018-04-23 14:07:22'),
	(37, 36, 'Test', '$2a$10$yLOwtW7K8Sj6WpGOq0S1yOAerwj8syz5sT/JnfYyJ8TnOQ7Va3oUa', 'BLOCKED', 'sendxRestAPI', 'trust, read, write', 'client_credentials', 'USER', 30000, 'additionalInformation', 1, '2018-05-18 13:01:15', NULL, '2018-05-18 13:01:15'),
	(38, 37, 'aa', '$2a$10$zJsiJmltF4N/I8401Wea5uBLOvcy0gFWjw401s00TlZKKAfNKvfPK', 'BLOCKED', 'sendxRestAPI', 'trust, read, write', 'client_credentials', 'USER', 30000, 'additionalInformation', 1, '2018-05-18 13:13:34', NULL, '2018-05-18 13:13:35'),
	(39, 38, 'Company', '$2a$10$uJpBzQuIzlI3w3CLZG8QfOztcWBa56JNnmhud1qOPHMq63CkWBKnS', 'BLOCKED', 'sendxRestAPI', 'trust, read, write', 'client_credentials', 'USER', 30000, 'additionalInformation', 1, '2018-05-18 13:33:35', NULL, '2018-05-18 13:33:35'),
	(40, 39, 'aaaaa', '$2a$10$8eJV/o.aR0DNGX29iFcTk.fe6BgNauOajdM5hSDiRfRDGJOjdhiiu', 'BLOCKED', 'sendxRestAPI', 'trust, read, write', 'client_credentials', 'USER', 30000, 'additionalInformation', 1, '2018-05-18 18:26:56', NULL, '2018-05-18 18:26:56'),
	(41, 40, 'Company', '$2a$10$pShQJeRIp9CcYb0cxm5iROPip/Uo9rnZ5nXefm2lSRCX5T9OKBddq', 'BLOCKED', 'sendxRestAPI', 'trust, read, write', 'client_credentials', 'USER', 30000, 'additionalInformation', 1, '2018-05-18 18:29:34', NULL, '2018-05-18 18:29:34'),
	(42, 41, 'first company', '$2a$10$A.x1RutodllNQkiBvRk.1..5fSnXtsPSwiYU8jffu7H/N09w2REYu', 'BLOCKED', 'sendxRestAPI', 'trust, read, write', 'client_credentials', 'USER', 30000, 'additionalInformation', 1, '2018-05-19 17:11:31', NULL, '2018-05-19 17:11:31'),
	(43, 42, 'cddh', '$2a$10$tVQu2yqdV0U4/ooKOEn5ZeRuRGBwCdTwtI7nCUXWLUzHo.g080BgS', 'BLOCKED', 'sendxRestAPI', 'trust, read, write', 'client_credentials', 'USER', 30000, 'additionalInformation', 1, '2018-05-21 11:03:27', NULL, '2018-05-21 11:03:27'),
	(44, 43, 'dbdh', '$2a$10$joD3B2faHMfxTraO0xPUP.juu3OowrS0DltlX6HjcTcmvFmi0YizW', 'BLOCKED', 'sendxRestAPI', 'trust, read, write', 'client_credentials', 'USER', 30000, 'additionalInformation', 1, '2018-05-21 11:09:07', NULL, '2018-05-21 11:09:07'),
	(45, 44, 'ffxj', '$2a$10$gwUNngKD8GXAJ2cAXzIE0uIZTmL9NZcmpd9NT4FvTu1EU95e5EdSa', 'BLOCKED', 'sendxRestAPI', 'trust, read, write', 'client_credentials', 'USER', 30000, 'additionalInformation', 1, '2018-05-21 11:12:37', NULL, '2018-05-21 11:12:37'),
	(46, 45, 'ram', '$2a$10$lsmF/UYFSilNaGVHe8Q/8e.yoRFRir0HUqpokIuL.3NWpDcHR5ohO', 'BLOCKED', 'sendxRestAPI', 'trust, read, write', 'client_credentials', 'USER', 30000, 'additionalInformation', 1, '2018-05-21 13:20:37', NULL, '2018-05-21 13:20:37'),
	(47, 46, 'gjjfg', '$2a$10$h.qVtsQIS/Rk9hWvl3LpuuuLh8YoQOOQinOI0SwKFZrh8ewWdXq6q', 'BLOCKED', 'sendxRestAPI', 'trust, read, write', 'client_credentials', 'USER', 30000, 'additionalInformation', 1, '2018-05-21 13:37:57', NULL, '2018-05-21 13:37:57'),
	(48, 47, 'kznhd', '$2a$10$ZdON0S6fPBWFZBijqra3KuOMdpdznRIn6aij9ZaCUCPGJA8lW4Zom', 'BLOCKED', 'sendxRestAPI', 'trust, read, write', 'client_credentials', 'USER', 30000, 'additionalInformation', 1, '2018-05-21 13:43:22', NULL, '2018-05-21 13:43:22'),
	(49, 48, 'irl', '$2a$10$Eo4vVwNOdXAdJKLVg9W.nuIsMMcxPxpB4Zb0LRfe7wUh2DAG0uCUq', 'BLOCKED', 'sendxRestAPI', 'trust, read, write', 'client_credentials', 'USER', 30000, 'additionalInformation', 1, '2018-05-21 14:22:02', NULL, '2018-05-21 14:22:02'),
	(50, 49, 'irl', '$2a$10$ecqxumq/zaiJcjP8SMVWZutXpUcMFgsqyyux0.Y81lKk6SUdjnWTy', 'BLOCKED', 'sendxRestAPI', 'trust, read, write', 'client_credentials', 'USER', 30000, 'additionalInformation', 1, '2018-05-21 15:03:52', NULL, '2018-05-21 15:03:52'),
	(51, 50, 'Electraa', '$2a$10$gTaREOfe3/Bm5gH.EiUqluOlPI5TiITgVd2zHgz4H3.9qCkTTlBoe', 'BLOCKED', 'sendxRestAPI', 'trust, read, write', 'client_credentials', 'USER', 30000, 'additionalInformation', 1, '2018-05-21 15:10:25', NULL, '2018-05-21 15:06:57'),
	(52, 51, 'Royal', '$2a$10$Hl2BLQ4Gh4wDU7gKPjm4Ceu76LIdxR2cPK6/ptH2qFzoyayaD1YmG', 'BLOCKED', 'sendxRestAPI', 'trust, read, write', 'client_credentials', 'USER', 30000, 'additionalInformation', 1, '2018-05-21 15:13:56', NULL, '2018-05-21 15:13:56'),
	(53, 52, 'bgsg', '$2a$10$1Hq1Icz143Gn/h1DtzRM6u7/qMqNzItCuRAObMTEcvOzezA/eNNi2', 'BLOCKED', 'sendxRestAPI', 'trust, read, write', 'client_credentials', 'USER', 30000, 'additionalInformation', 1, '2018-05-21 15:35:11', NULL, '2018-05-21 15:35:11'),
	(54, 53, 'King', '$2a$10$nPQle39Tl6FR4meJWYd7H.KEnyTMQU1ql/1cP37TSuiXjeEmRpRHK', 'BLOCKED', 'sendxRestAPI', 'trust, read, write', 'client_credentials', 'USER', 30000, 'additionalInformation', 1, '2018-05-21 17:34:32', NULL, '2018-05-21 17:34:32');
/*!40000 ALTER TABLE `client_credentials` ENABLE KEYS */;

-- Dumping structure for table electra_schema.client_subscription
CREATE TABLE IF NOT EXISTS `client_subscription` (
  `client_subs_id` int(11) NOT NULL auto_increment,
  `available_users` int(11) NOT NULL,
  `client_id` int(11) NOT NULL,
  `expiry_date` datetime NOT NULL,
  `modified_date` datetime NOT NULL,
  `subscription_date` datetime NOT NULL,
  `subscription_id` int(11) default NULL,
  PRIMARY KEY  (`client_subs_id`),
  KEY `FK807txa2c5a6abdrs2u3w639uo` (`subscription_id`),
  CONSTRAINT `FK807txa2c5a6abdrs2u3w639uo` FOREIGN KEY (`subscription_id`) REFERENCES `subscription_plan` (`subscription_id`)
) ENGINE=InnoDB DEFAULT CHARSET=latin1;

-- Dumping data for table electra_schema.client_subscription: ~9 rows (approximately)
DELETE FROM `client_subscription`;
/*!40000 ALTER TABLE `client_subscription` DISABLE KEYS */;
INSERT INTO `client_subscription` (`client_subs_id`, `available_users`, `client_id`, `expiry_date`, `modified_date`, `subscription_date`, `subscription_id`) VALUES
	(1, 219, 39, '2018-06-17 13:44:05', '2018-05-18 13:44:05', '2018-05-18 13:44:05', 3),
	(2, 6, 41, '2018-06-17 18:31:21', '2018-05-18 18:31:21', '2018-05-18 18:31:21', 1),
	(3, 9, 43, '2018-06-20 12:12:44', '2018-05-21 12:12:44', '2018-05-21 12:12:44', 1),
	(4, 8, 46, '2018-06-20 13:22:37', '2018-05-21 13:22:37', '2018-05-21 13:22:37', 1),
	(5, 9, 48, '2018-06-20 13:44:34', '2018-05-21 13:44:34', '2018-05-21 13:44:34', 1),
	(6, -1, 49, '2018-06-20 14:26:07', '2018-05-21 14:26:07', '2018-05-21 14:26:07', 1),
	(7, -1, 52, '2018-06-20 15:19:04', '2018-05-21 15:19:04', '2018-05-21 15:19:04', 1),
	(8, 38, 53, '2018-06-21 11:14:16', '2018-05-22 11:14:16', '2018-05-22 11:14:16', 1),
	(9, 0, 54, '2018-06-20 17:35:54', '2018-05-21 17:35:54', '2018-05-21 17:35:54', 1);
/*!40000 ALTER TABLE `client_subscription` ENABLE KEYS */;

-- Dumping structure for table electra_schema.client_token_configuration
CREATE TABLE IF NOT EXISTS `client_token_configuration` (
  `client_token_config_id` int(11) NOT NULL,
  `client_id` int(11) NOT NULL,
  `token_id` int(11) NOT NULL,
  `client_token_config_master_id` int(11) NOT NULL,
  `value` varchar(255) default NULL,
  `is_enabled` tinyint(1) NOT NULL default '0',
  `created_by` int(11) default NULL,
  `created_date` timestamp NOT NULL default CURRENT_TIMESTAMP on update CURRENT_TIMESTAMP,
  `modified_by` int(11) default NULL,
  `modified_date` timestamp NOT NULL default '0000-00-00 00:00:00',
  PRIMARY KEY  (`client_token_config_id`)
) ENGINE=InnoDB DEFAULT CHARSET=utf8;

-- Dumping data for table electra_schema.client_token_configuration: ~0 rows (approximately)
DELETE FROM `client_token_configuration`;
/*!40000 ALTER TABLE `client_token_configuration` DISABLE KEYS */;
/*!40000 ALTER TABLE `client_token_configuration` ENABLE KEYS */;

-- Dumping structure for table electra_schema.client_token_configuration_master
CREATE TABLE IF NOT EXISTS `client_token_configuration_master` (
  `client_token_config_master_id` int(11) NOT NULL,
  `token_config_title` varchar(255) NOT NULL,
  `token_config_code` varchar(255) NOT NULL,
  `token_config_description` varchar(255) default NULL,
  `default_value` varchar(255) default NULL,
  `created_by` int(11) default NULL,
  `created_date` timestamp NOT NULL default CURRENT_TIMESTAMP on update CURRENT_TIMESTAMP,
  `modified_by` int(11) default NULL,
  `modified_date` timestamp NOT NULL default '0000-00-00 00:00:00',
  PRIMARY KEY  (`client_token_config_master_id`)
) ENGINE=InnoDB DEFAULT CHARSET=utf8;

-- Dumping data for table electra_schema.client_token_configuration_master: ~0 rows (approximately)
DELETE FROM `client_token_configuration_master`;
/*!40000 ALTER TABLE `client_token_configuration_master` DISABLE KEYS */;
/*!40000 ALTER TABLE `client_token_configuration_master` ENABLE KEYS */;

-- Dumping structure for table electra_schema.client_users
CREATE TABLE IF NOT EXISTS `client_users` (
  `client_id` int(11) NOT NULL,
  `user_id` int(11) NOT NULL auto_increment,
  `user_correlation_id` varchar(50) NOT NULL,
  `first_name` varchar(50) default NULL,
  `last_name` varchar(50) default NULL,
  `status` enum('ACTIVE','SUSPENDED','TERMINATED') default 'ACTIVE',
  `account_secret_key` varchar(255) NOT NULL,
  `account_public_key` varchar(255) NOT NULL,
  `created_by` int(11) default NULL,
  `created_date` timestamp NOT NULL default CURRENT_TIMESTAMP on update CURRENT_TIMESTAMP,
  `modified_by` int(11) default NULL,
  `modified_date` timestamp NOT NULL default '0000-00-00 00:00:00',
  PRIMARY KEY  (`user_id`)
) ENGINE=InnoDB DEFAULT CHARSET=utf8;

-- Dumping data for table electra_schema.client_users: ~145 rows (approximately)
DELETE FROM `client_users`;
/*!40000 ALTER TABLE `client_users` DISABLE KEYS */;
INSERT INTO `client_users` (`client_id`, `user_id`, `user_correlation_id`, `first_name`, `last_name`, `status`, `account_secret_key`, `account_public_key`, `created_by`, `created_date`, `modified_by`, `modified_date`) VALUES
	(1, 23, '0c4f88e9-748f-4a00-92b0-88f52fa96033', 'Tan', 'Richard', 'ACTIVE', 'SDJCQ5AMTFGYPHNJCUAKUL7JSMP66NWK3R3MVVDTWBHTUOQVIF3QODTM', 'GD3URUWKIVW75MZKNN7KGIONYY66GMFRLY35V34QKD2E2ZF5THB6T7TG', NULL, '2018-01-12 13:32:23', NULL, '2018-01-12 13:32:23'),
	(1, 24, 'aacc1b29-7c97-4eb4-a198-d2c827bda017', 'Alan', 'Chiu', 'ACTIVE', 'SAOQNINYPNY76GY26EKPXX4LV4BXMJFGZDUSF6C6BCGHZWZT5VSDEUHU', 'GBFB7QSUG6D5NYJJFN3A6QKUNYP56ECRJ64EA25RSN3YZOUISCZSZTJQ', NULL, '2018-01-12 13:34:52', NULL, '2018-01-12 13:34:52'),
	(1, 30, 'd3c4b2dd-b568-4f95-804f-c7d58c375e78', 'Nitin', 'Malik', 'ACTIVE', 'SBRIOLNW7MBKAM5PFL4AHWRZLCHZRHX4QQRILN4U62MDPZIK25LA4ZI7', 'GCWFPTZAULAAOXJKRKO2HPB2KXY5A3COF3ITT7ZSSNTKZDO3GFAJ45DI', NULL, '2018-03-08 14:29:26', NULL, '2018-03-08 14:29:26'),
	(1, 31, '5f8709df-110f-4605-b783-54b04d90b51b', 'Kaustuv', 'Ghosh', 'ACTIVE', 'SBS3VLA6K3KWKCT4FXAUHDD2EGAIDH6BYVLUUSWUQTPC6Y7X4AWXAHIU', 'GB3QGFJRYKC3LMJZDXBJWNZQXSCTZ7JSBAZ6RQ7Q5I7KJ43YU7D2EVZH', NULL, '2018-03-08 14:32:36', NULL, '2018-03-08 14:32:36'),
	(1, 32, '874ae852-60bd-42e0-aee4-54d188b94577', 'James', 'Sendx', 'ACTIVE', 'SAGNE3K23NAUHOP7YKFJM4QBUGGAB7J5THGHACRNGLH3Z5GFHXZEOKHW', 'GDU5KXJGCLEN4OQDFOXSTTOGN4CIX5RCGBKFS6KHMQKNTYSN47CA7DBL', NULL, '2018-03-08 14:34:10', NULL, '2018-04-25 19:17:05'),
	(1, 33, 'db0a9c10-3ced-485d-b5a9-cfeefb0e571c', 'Arjuna', 'Sathiaseelan', 'ACTIVE', 'SARKGSGPD4WUJ6W5LKNUIWXSDFCWWEJD3LBSID2WY5CFJYBB55PN4RHA', 'GB4H66Q7BW6TVNW54QHW5VKLIMDXE3FYXA4UCLCQS5LCIJJ2RJGWMCPU', NULL, '2018-03-08 19:05:32', NULL, '2018-03-08 19:05:32'),
	(1, 34, 'f3512bb7-119f-4907-9359-b867fff4016b', 'Gabriel', 'Vleisides', 'ACTIVE', 'SBKW5GOZPEDHVE7EJCHGER3A76G4PJ32HGDHLUHXFP4QNLVMQXWS7QHD', 'GD2NFBEQDKOITBG7HOGJ2RPZZVMJ7S2PLNCOFVP7DNDDI6FHL2MPUARV', NULL, '2018-03-09 04:56:51', NULL, '2018-03-09 04:56:51'),
	(1, 55, '34b58a30-c168-41bb-a105-e7323841b4c8', 'Tan', 'Ric', 'ACTIVE', 'SACH5J6TVXQXISPQQEZAYMP6WZ6A53QC4JGYIVSJUNPWEKRJSHGOGXCT', 'GBP4G4RYZJVC2E2GERWSH3H2B5QGBJ7MGEXXDRD5XZMNMBERGOQXIYBL', NULL, '2018-03-16 20:43:19', NULL, '2018-03-16 20:43:19'),
	(1, 57, '8377354d-6790-4247-ba3e-18cab48873f9', 'Tom', 'Fifelski', 'ACTIVE', 'SCKJE4BWZVALHS23FSSM5K5HQHBAZVVVS46IPRXGHW446TEITY72U4BG', 'GBUKTKYKOF4I23LMINY5PLNI2WF4QUKBJT7GE63XJFC4NWRDHB3PCJN6', NULL, '2018-03-17 20:13:02', NULL, '2018-03-17 20:13:02'),
	(1, 63, '50771831-e498-4724-aedd-7cb66f239b0c', 'Sandeep', 'Golechha', 'ACTIVE', 'SCGRG4YMXGTZN4TMDXFUSPWKTXTWMPYK2SQKV5RS7ZUP42ZRG3YQOQ3M', 'GAMKUWZNN7BCDTXRN5VNWDYECVLG5FWIUK277626HEUA6BC3PWRAHGJU', NULL, '2018-03-20 14:49:28', NULL, '2018-03-20 14:49:28'),
	(1, 212, '79db9385-2d4b-4e58-b294-c75951deb749', 'Mark', 'Kahts', 'ACTIVE', 'SBU4O4RJNLDEIAMOMGNWCBIBX4J757QSGR4CIJ4P3CQDIPQL6WK3RRKV', 'GDOOPBCWHM3JIIY4XJ7LQQ4364XVEIIHOXDUVUFTYRL6UAH4RBZWSYMI', NULL, '2018-03-26 20:58:17', NULL, '2018-03-26 20:58:17'),
	(1, 213, 'c6837dcb-a666-439f-af4f-1426fb8d01fb', 'Derick', 'Smith', 'ACTIVE', 'SBTETEKRS4VAS3GVLE6WZ5Z4OTAFJIKZN3TVTY7ITL3TTZKWVKAFCAOV', 'GANXHQRBCS6IKUODQZZZBAI2PNYWWNUEMX5NVWYV35HWV2UX5DC35QN3', NULL, '2018-03-28 17:38:38', NULL, '2018-03-28 17:38:38'),
	(1, 221, '09d61177-fc04-4995-93cb-7785c8d412cf', 'Abhinav', 'Garg', 'ACTIVE', 'SCUKQHXLXV7AGXZUFL36265NXJLG64KDN3IKGD7VUWGITLTXBB7BUZEZ', 'GDG66DOPEOH3WZTF5MXTMSVT4QXJ4AXLXH7SWC6VUEZEYQFUYIFZYQQO', NULL, '2018-04-19 03:49:46', NULL, '2018-03-29 20:34:35'),
	(1, 222, 'ab243520-93ed-4c66-a864-7d5f91c84279', 'Arnav', 'Jain', 'ACTIVE', 'SAWANG2PNUURZZ5KNDQBEJNCA35KWL7CCNAMTUY4UASU7C36BG5CCPSW', 'GDUE7PTLW3ZQ46JAPKN7IDUVUCKAM4PJVG6F45F4PT5JADHFTQP6UYJC', NULL, '2018-04-20 05:34:30', NULL, '2018-04-20 05:34:30'),
	(1, 239, 'fc1a320e-999d-465f-93f0-18704c2120f3', 'Tin Tin ', 'Wee Wee', 'ACTIVE', 'SAVLOHPOPRE63P5LI2YQC2OVHOQQBBT7ZJ72GQP4EY4D3XGWLNKQJ7VV', 'GDHSNYSE52FNUAUOVP25HGJOVW7IBOWFMHKXEC6EZDMH5ZNZZKHWRPUL', NULL, '2018-04-06 10:33:08', NULL, '2018-04-23 13:49:21'),
	(1, 240, 'c618879e-c285-4b42-864a-3b0cb1b23c35', 'Keh How', 'Lai', 'ACTIVE', 'SBMPG2KFSHTNZ4PQW2DVKKXNKPTZUMQJNZ43B6NHCCW6RCPTOMLYW3LP', 'GADWPMZ5I6EKPHOXFCLSTMC3LFDJW3TW2MKWXS4ZHCIESMGSXXQ4KBMV', NULL, '2018-04-11 10:00:29', NULL, '2018-04-11 10:00:29'),
	(1, 319, 'cfdc50c4-eb92-4c36-b7e1-6bc3ded61604', 'Yim Hong ', 'Kam', 'TERMINATED', 'SCP2V2CG45ODREA66D5YRCPLZCRVLO22YN62SNCY2HSQPSLY53WGZ7SG', 'GB2STTTEYPA3TWVA22JURRQGR6H3LZXMZC2UZEDFFMFGXQITTSK3ADFS', NULL, '2018-04-23 13:28:44', NULL, '2018-04-25 19:18:54'),
	(1, 320, 'aff3f01e-c452-43fa-a2ae-79e35c2b3842', 'Theo', 'Gane', 'ACTIVE', 'SBG44MMVU4FB2S56KHNRL4F7MZYCV2ELURQGQBCIWBGVNFJ2BYK7TVXM', 'GAEKEMID7KBVEWZKXJDE4W7EHIRXO67MTGTL6APL4QHJUT4M5VFOA43F', NULL, '2018-04-23 15:06:52', NULL, '2018-04-23 15:01:56'),
	(1, 321, 'b622f8d0-bbb0-4b21-a80c-ff2f3df30ab4', 'G', 'User', 'ACTIVE', 'SC2RDV362XWFJ6WHBWZQDUM5OVEICUOEBWFCGYF6JWQJ4F4G23TLTUKH', 'GA7AGKEYJKAFXMIDU6WZTLOOEGHQZHCW5A7INEJDIR73I6QINROXPCHL', NULL, '2018-05-21 16:23:06', NULL, '2018-05-21 16:23:06'),
	(1, 322, '67503a03-1e80-4912-bc41-b18c7961cac4', 'F', 'User', 'ACTIVE', 'SC5DPQUA4X4Y7CSAT4QUZOHE6D4UQ2GNM62A22OPLETUDBNCUSXBGC6T', 'GC6IUI63SR2WDWCUIHW53CTQ5BGORCYWMCJNAW6BALE4WQEHOWESPZ5M', NULL, '2018-05-21 16:21:06', NULL, '2018-05-21 16:21:06'),
	(1, 323, 'b922b5d7-f093-4b24-99c4-8ca5de11bfed', 'Sonam', 'Jain', 'SUSPENDED', 'SCAO7YE4ZSPST4WKSEXYDHNC2XDZDMKUXBTBTFFDQGT7VZKREYFSRW6R', 'GBCP6Y67BAICSH7S74IPWHRD3T4B752DQVM67UON7EDI5BHZAUTKGRKU', NULL, '2018-04-27 21:57:41', NULL, '2018-04-27 22:24:52'),
	(1, 324, '189c537d-3dfe-4ef2-9cd3-dd7318c6ad58', 'Kamal', 'Kumar', 'ACTIVE', 'SB2JMQNZCDC4YUHNDMFQ5R4KBVVMKE52FYVGUOSQNXDUUE3LATLGULL2', 'GCARZIAE3WWEYTCF3JUPKEDS2A376BHMSZTOZF7TREWZXINCVPWQAROM', NULL, '2018-04-28 01:15:20', NULL, '2018-04-28 01:15:20'),
	(1, 325, '26368a4e-1b86-466c-8508-a8bb288dbe29', 'Sunil', 'Yadav', 'ACTIVE', 'SAI6HD7TTVSPP6MZDQ7TQSCD3SZYAO4M2Z2HLVDBKGT6C43BQ4YJDMFJ', 'GC5UJXEJBXDB7JOHIUQPALBOYYENWEACMHBOSUHBK7RRK72YEPT5FU7Y', NULL, '2018-04-29 02:34:56', NULL, '2018-04-29 02:34:56'),
	(1, 326, '7d47ab12-63bc-40b6-80bb-5be6e20620c0', 'Tanu', 'Singhal', 'ACTIVE', 'SBI7AIT2ZRBMKP7XORBXJ4HH4LVGFK6EJKXJVZBKTVE2JRC7QAFCBZVX', 'GAKL2JM3MSRPRIPZQIMTVEXZWEXAN7PCRKIJWMDEYVMGDI7724FDTP52', NULL, '2018-04-29 21:00:13', NULL, '2018-04-29 23:05:37'),
	(1, 327, 'b619e962-4684-491e-9ac9-8857780cfcbd', 'Rohini', 'Jain', 'TERMINATED', 'SARXJOD35ZWVTHWYTSKHQMCBACZHAQYCNCMVUKMF4U4WDRCXPOUZTCUR', 'GA35F7O44N6YA3ZZBLIYL2ZOVKI7XUVL7VLFBB53X2OVSXSBKQLUK3XU', NULL, '2018-04-29 21:07:37', NULL, '2018-04-29 23:40:28'),
	(1, 328, 'f9e13443-87f4-4ce3-bf54-97c2016cc9cd', 'Sumit', 'Raj', 'ACTIVE', 'SCMOKMDPDER74BR2BTA5LYXKVKAWEOMLLK3L7PQ72GKH2YXKDO7FHDHL', 'GC7N35EEERYJNLEGMCADBYDQMECWZQQ46OIZJMVWEVN54OTZGYKZ3T5W', NULL, '2018-05-01 10:49:17', NULL, '2018-05-01 10:49:17'),
	(1, 329, 'c6086045-edea-44a1-9142-eea5176284c3', 'Aa', 'Aa', 'ACTIVE', 'SCBNJZDLJILHYUYUD2BFABSPBIBQMJPRHFOW7KPO2TQCMIGK66JVB6GH', 'GBRV5EPQRZG35JP5CGQ7DWI7H3VQDJWGDH23I35ZHOEPM7XNUBJLIS3E', NULL, '2018-05-18 13:13:35', NULL, '2018-05-18 13:13:35'),
	(1, 330, '333064da-7a36-4e19-b409-6e88335daf63', 'New', 'Test', 'ACTIVE', 'SB7JM4KMH35WZK3FTNMIYFNHRCTON7OBNZCIIDCMOKCVE5DUGK6BGDPE', 'GAF4OEWKIMHVSG67EBE6DXU5RSM2IP4MDKWRIAAWFR376JACVYVV3B3E', NULL, '2018-05-18 13:33:35', NULL, '2018-05-18 13:33:35'),
	(1, 331, 'c5cdfdbd-eab4-44ee-9901-e2fd63c97597', 'Dhhs', 'Bshzh', 'ACTIVE', 'SCIYS55K7GPVVCHPBLCWWUINHSJWB5WMVFQUYRWTRAT2UT3GL2NZQQ3Q', 'GAK6U7AFARK7FEELS7UNI6HFBXBWHZ7ZY47ONKDDQZKMTCWO3EPOZQOB', NULL, '2018-05-18 18:26:56', NULL, '2018-05-18 18:26:56'),
	(1, 332, '081b08e7-6427-427b-bce6-8e39cef0516a', 'Rajan', 'Verma', 'ACTIVE', 'SD4MOAIIC6L4K3RH76FI5ONVN7JWZQ7LVJOC6BZWRT2OQMEP6QPZYJAB', 'GCDJO72XXCLB7SUWHU34B4CRI7IBHXDOYK4NZII6LKVVPYIU5OCYVG4N', NULL, '2018-05-18 18:29:35', NULL, '2018-05-18 18:29:35'),
	(1, 333, '33b84796-ca40-47f0-89fd-537dbfe56450', 'Abhay', 'Suman', 'ACTIVE', 'SAI7QQNAVFKD3KXQWHJFDMH2OTZL7UPYRR7TFW5RB3BF4EIYTFHOCNBX', 'GBS7TCFUWWUB3MFRRHBBV5S74FYLLC3FF3TXM7CBO6SKH4WA56TEGUI7', NULL, '2018-05-18 18:53:27', NULL, '2018-05-18 18:53:27'),
	(1, 334, 'f8ffd894-fe7b-4d5c-b40d-d759004b2dad', 'Sonam', 'Kumar', 'ACTIVE', 'SBZXMXPGFTXRUQ3FQJ4MM4YPLFBHNKMN4BDC36THGMLJ7VU524KWU3KO', 'GCJRJLNBK622ZTJX5VWAPAQ4USAHTPWQZ4AWMJISTWEL6WMQM22MANPN', NULL, '2018-05-18 19:11:07', NULL, '2018-05-18 19:11:07'),
	(1, 335, 'b3075d87-4cab-403c-99db-864539cfd70b', 'Rajan', 'Raj', 'ACTIVE', 'SBNUL6CAWO4FXNLZ3HDAASAOOB5SVWFOVXVVBBQXWDN4F7SU6L7WUOE5', 'GC3GL3KNBP6YYLWBPX6IQGXRRYS4SMGYEJIMKSO5ELGPNQFKHQIAN4ZB', NULL, '2018-05-18 19:43:13', NULL, '2018-05-18 19:43:13'),
	(1, 336, 'f51353e1-508a-4efd-8f07-586c8be67fe2', 'nitin', 'malik', 'ACTIVE', 'SAUG2464KERGBLESFJ7UWLKJFYUUN4Y6PDJ67IXHJO42IRJ4SCRUIDYK', 'GBO2UZ6VZ4R4U6EGTDO6TPRPYFCK7DYG45OSZANJQTMVFFCMOK72IOZU', NULL, '2018-05-19 17:27:33', NULL, '2018-05-19 17:27:33'),
	(1, 337, '768f84f3-73bf-46f6-bff8-684964f48943', 'nitin', 'malik', 'ACTIVE', 'SD2G72OJJ3LINRZHHKN43BHSOVDLYRMG53U62EP7DXEZLQXIQVSV7LRF', 'GCEBQON2VTVHTLB563REOLFRFAO4Z3KH437WIEYCF2VCIQFHXTU23B6R', NULL, '2018-05-19 17:29:59', NULL, '2018-05-19 17:29:59'),
	(1, 338, '5cf0fad4-4b46-4c14-b6f5-744db4f23c8b', 'nitin', 'malik', 'ACTIVE', 'SDBXTNU5PG2MG77TSFGAFFR2VS3KQ7ME2N24V6MX3TGA2QRFZH5FA4QR', 'GDXIOLLUAU3FVORUHCW6B7RS4CXZVMPCKSCYFAMH46AGOQNCNRDKOVGX', NULL, '2018-05-19 17:30:31', NULL, '2018-05-19 17:30:31'),
	(1, 339, 'e3471296-98fe-474d-a6e3-1a27281b91ef', 'nitin', 'malik', 'ACTIVE', 'SCY6Y3J6TF7HHYJU5QYFLYL5OL3TSXIMM7KRFFSOSZN6NYG52S6NKCGR', 'GA7AG24EYLMFUR3W2OQT2QHMPILNT2GXL7S2C7NWBC6UAXEK545RB5BH', NULL, '2018-05-19 17:31:47', NULL, '2018-05-19 17:31:47'),
	(1, 340, '3d8872a6-fb84-4df5-92a8-9659af848f5c', 'nitin', 'malik', 'ACTIVE', 'SDFBRVRYLIWUIFZFPVWVUPIGF74HR6WMKKWYRZPYPFT7HJNJKCMB56AL', 'GBPCGQWVFV3DWTQY25I6OJ3PJJUCWUREIYZ4PFOSRZ5EI7FMTDTSKYQG', NULL, '2018-05-19 17:34:05', NULL, '2018-05-19 17:34:05'),
	(1, 341, '7a952b22-f18f-48f5-8ed4-6e48f756718b', 'nitin', 'malik', 'ACTIVE', 'SCYTS2IQRUBSYVRFCEWTXT2WEOYZG5APJD2TGE6XU43IUPHR4ON4DA6B', 'GDAQXAD5ISFFOYXJGRGGR2C34KXSKOHDJXUGZMIXMRUBUCF5JXJNCSWL', NULL, '2018-05-19 17:37:14', NULL, '2018-05-19 17:37:14'),
	(1, 342, '8928a8de-ab5a-4a2a-a98a-46ad57c05254', 'nitin', 'malik', 'ACTIVE', 'SAROPG6MEOJFDZDOZMRDAUFOV2GPWETJWONYOQJ535KE27VOSIVDVWBT', 'GCLMYKB2LQ7FXGQYEFHCELNQMPFBX4SEB6RA34GOGIQTVXFSS7M3WRFV', NULL, '2018-05-19 17:42:44', NULL, '2018-05-19 17:42:44'),
	(1, 343, 'a6306ed6-5077-4964-9c6d-3342de5f3d8c', 'nitin', 'malik', 'ACTIVE', 'SB7JFLJETBASVFEDCKCXLH36CT53Z6B7AVYUKDBISYEYMZHR2YKICWST', 'GCLIMVXMXYJCITOLFNVN7U2JMX6BSUX75MXDGUIPD3V6ADA3RGR7PH7O', NULL, '2018-05-19 17:43:46', NULL, '2018-05-19 17:43:46'),
	(1, 344, '58a54ce1-e310-4d1e-9473-654a15240aea', 'nitin', 'malik', 'ACTIVE', 'SBYOT372IMAK62UOGKODUXU66TWAFWZOBEUXJPUNJKKK5EIVWEY4XLCO', 'GCIXW4ROCIV7FNWGMPRZNF7TA34NBXBXQAUNPKTBS7NJCC7NII3L6IQY', NULL, '2018-05-19 17:49:13', NULL, '2018-05-19 17:49:13'),
	(1, 345, '7eae9717-f8bd-458d-9cd7-74558cadf25c', 'nitin', 'malik', 'ACTIVE', 'SDGXU4TTDZNTI6IAMZS4N5VB6G6XHQC3NI7TZA3M47DLYC5V5UNTIMQD', 'GD5JULSTL4AIN6ZCXPWZAPXTJ2I6XETKRLZPJOSA2NPHE6JOAUB7S2VI', NULL, '2018-05-19 17:49:14', NULL, '2018-05-19 17:49:14'),
	(1, 346, '0da897c5-4099-41da-863f-73017d4cdae9', 'nitin', 'malik', 'ACTIVE', 'SBYDBXKQKJE6GXTFRQBI2T36XNPTSXN7OTO2AWYQYQLBGFPPZLQH4WLD', 'GB4CH3TMT57LH7PAHAM2CGDLGFDKQKA4QY74JAK4BNIYHRVMSGVDN6UL', NULL, '2018-05-19 17:49:15', NULL, '2018-05-19 17:49:15'),
	(42, 347, '8562938a-7579-4057-99aa-6aa1717380ca', 'nitin', 'malik', 'ACTIVE', 'SBDITMSJYYT3PPKMQV7AF6EK2QOFEQW4O6HO3ISHEVNIVENZJKCQIOHN', 'GDQXX4EYOW64QUQQXEUSVWDZ66IIYNSJV3NC6C7NPOI4XFQA6GKU7Z3Y', NULL, '2018-05-19 19:26:13', NULL, '2018-05-19 19:26:13'),
	(42, 348, '7009f516-7018-4076-9060-1d39fe767485', 'nitin', 'malik', 'ACTIVE', 'SDOD744NPAGAXBVPJE32T3YEO4TIBBUBMO6RWXJQDGP27SJWSWTVSV4O', 'GCA5MC6G2VLKEQFNKCFLU6RL2ZKARPWBEPWWHAKD3JRODF3AGBN4IOKQ', NULL, '2018-05-19 19:26:28', NULL, '2018-05-19 19:26:28'),
	(42, 349, '665e1327-eec3-4278-a389-79f34abcea96', 'santosh', 'mahto', 'ACTIVE', 'SAJEV3LIJFTIXYVAVHBZTI2KYG7RC2FTF32U3LSCRS6FJO2YWSDTLRFF', 'GCGVPR4CGEVIXFZCW7KLW4HY2SX65CZRXJQZ2JCI5S4QIP36PZCJ4BZH', NULL, '2018-05-19 20:02:16', NULL, '2018-05-19 20:02:16'),
	(42, 350, 'db5f77ec-410d-4547-9cd5-fefa278673a2', 'santosh', 'mahto', 'ACTIVE', 'SCVLICQ6TCIDOYBQKLTBENYX3KVKRPOLXCFNND4N7HVIP2XKDF4EQXA2', 'GAR6YYTCR6UKSS3552KS4JKHYDVSLJNDDXPQU5DWC3YVAVC6CINP5X25', NULL, '2018-05-19 20:02:37', NULL, '2018-05-19 20:02:37'),
	(42, 351, '86963c31-f833-45c2-9125-d46bbd70c67a', 'sssaa', 'mahto', 'ACTIVE', 'SA5YDPOELHYLTA7FR66U2GX6FXN3FD6DNA5W5CEPPIOVMQOXMQKPWYRJ', 'GB5SFJKWAVK5QSF7YUSY75FKHPVYUIVEP4JNNCNDFA4TRHBQB3UZWV4U', NULL, '2018-05-19 20:40:43', NULL, '2018-05-19 20:40:43'),
	(42, 352, 'c366a938-c818-4a81-a75f-9aad4e582375', 'sssaa', 'mahto', 'ACTIVE', 'SAY4HNI6C2N35FSMAI2DVOAJG2ABUMH3IEVM6GYVYHAELGAFMSTRZHLW', 'GASXDHSI6E57CJ5NJWH7USJKNW7F3GVXH3P5KHQALVUMYP7CHUJ5FIBC', NULL, '2018-05-19 20:41:02', NULL, '2018-05-19 20:41:02'),
	(42, 353, '6f9de425-2e08-41bc-9c99-c3cf0cfdaf62', 'raaaddaa', 'mahto', 'ACTIVE', 'SB4CQGSJQUVKJHPZ5QJQK3JG65FUM57U6E66NED7XUS2JME3TFVB56QN', 'GA6LVAQHDOPUSTZD634WFSALCFXQJHGWV2QF6NNJ6JJGWBENXYUNQE6R', NULL, '2018-05-19 20:44:18', NULL, '2018-05-19 20:44:18'),
	(42, 354, '41a816ee-f3dd-4a09-841b-455c56152d19', 'raaaddaa', 'mahto', 'ACTIVE', 'SDH6PFDEHXI5VUYVRCFDITI2OECALI347V64TR4T5PY4QTIYJO7FDFRZ', 'GDA6UZGOLO6R5GNEWKNX56KG3XZIACZP655O4OIQ6SQVZAIOD4PT7MGW', NULL, '2018-05-19 20:44:32', NULL, '2018-05-19 20:44:32'),
	(1, 355, '6facef37-2e99-4862-b864-d88cb5b534d6', 'rahhhhddaa', 'mahto', 'ACTIVE', 'SA7MDLX4GWR6E7AKW5SZ2BJ5SFUO5H4T2RNPVPI6EHKNWFAOZSB6IPBO', 'GCB4KKGLUHMJVY2FIAJJ252IOANGIRK7HXR6IEP5QR4EGCANHZGHHZXK', NULL, '2018-05-19 20:48:21', NULL, '2018-05-19 20:48:21'),
	(1, 356, '60f6b1dd-9db9-446b-9136-ea98416a8c25', 'rahhhhddaa', 'mahto', 'ACTIVE', 'SC5F5L6MQRYO3LPJPKWUNI7P5JQUYGS3M2CXSCYQHEBZ2RVB24Y4CDVR', 'GBQOZTTLIYBEAOGDDQTEZPCRUS635UTEGYU6A6EALPH3VYVWY3ZY6T35', NULL, '2018-05-21 10:44:59', NULL, '2018-05-21 10:44:59'),
	(42, 357, '5592048b-89c2-4342-b029-a8d66944893b', 'rahhhhddaa', 'mahto', 'ACTIVE', 'SA2TYD7DKD33VOXRPFMDF7ZREW2PXNRIJXWGAGATKWK2SNAFMHVZVCZ7', 'GCPBLSK642FZDQFMSH7DLN33SH4Q6F4LGYOZ7V4D2S4ETN6WDQJIRLBC', NULL, '2018-05-21 10:48:46', NULL, '2018-05-21 10:48:46'),
	(42, 358, '1dc4a9e4-2431-4e94-a5f9-d68bfd858e49', 'rahhhhddaa', 'mahto', 'ACTIVE', 'SA4VV3BL2STJ7GVPMQGDR4SKUU6E3PQ4LTZGLMDY7FZSALBCO2EATQTL', 'GAXFZSGBCRZXUI2R6MEMFETGCKQV2D724N5U5URZW6AWXM6QOJDVFSO6', NULL, '2018-05-21 10:49:04', NULL, '2018-05-21 10:49:04'),
	(1, 359, '1b1a68c0-964a-41da-b127-abadca4fcceb', 'rahhhhddaa', 'mahto', 'ACTIVE', 'SBYKJIQLGSKW4TXAHPABTZSTHVIKYZU4RKWXCKFCFIOJ7B4OIIIKJ2S5', 'GCGKUMXWSMXDHASIP7RV3GB7QH5VRSKKGDG6E3BJC2XBBHGACDXOTOCB', NULL, '2018-05-21 10:56:42', NULL, '2018-05-21 10:56:42'),
	(1, 360, 'b2d6a7c2-906c-47f1-90ee-04225c422b13', 'rahhhhddaa', 'mahto', 'ACTIVE', 'SBYZ3NGMKHFUUNB3BR72S2CQ2TGBK2DHQ37AK6PZHC4D7DRAAT5K776V', 'GB4OMUI6W43FZ6O6FJOZE4HJN2WUCFCCXN7E6CDB4E5HUQXDNQ7LHV3A', NULL, '2018-05-21 10:56:46', NULL, '2018-05-21 10:56:46'),
	(1, 361, 'd58a73fa-77f1-44af-84aa-58e99f7d9814', 'rahhhhddaa', 'mahto', 'ACTIVE', 'SBUBF7MAUE72LYZWPFBQLWYNHRKK5YCGE7KUVGGHJUATMXLEVADLJ4G3', 'GAKGYGUEE6XAQVEMLZALMTJMSDBWYGRNDZEUACVTJ4UTZUEJJ7VDFN7N', NULL, '2018-05-21 10:56:50', NULL, '2018-05-21 10:56:50'),
	(42, 362, 'f0a6889e-456c-4678-bc64-a6cb52a63c5d', 'rahhhhddaa', 'mahto', 'ACTIVE', 'SBIMXNANU36EZYT7LU6XAZ6FI6I2OMQEH7YNGLQCWYUORM4NDDF5AB3Z', 'GDBC5IG4A6JSIOOTVL7CM55MGSJTAOQA5F7KUKQPAHL6TZPKPTOL7FVD', NULL, '2018-05-21 10:56:54', NULL, '2018-05-21 10:56:54'),
	(1, 363, 'd6c335bb-2d97-4fea-834f-958f0445b148', 'rahhhhddaa', 'mahto', 'ACTIVE', 'SABOETZGNKALBDDK3XP75NBRMXDLAHJU5O5U22JSN3QJIM5UEW4NRE5R', 'GADDDGJ4JIW6ZOI4HZE3SA76YL2YM6DNAG33OTYGOW3X2UV3K53KULRC', NULL, '2018-05-21 10:56:51', NULL, '2018-05-21 10:56:51'),
	(1, 364, 'b3f07e01-c2f5-46f9-ac81-050e8d38f4f2', 'rahhhhddaa', 'mahto', 'ACTIVE', 'SBL6OMUNEPJJBCNFC6PCAQ3IIJ2WTQ732IPFHESYAXLXSTL5EWGEQHHI', 'GB5GSLZZOMGNPLJ54MCNFZ3I7NKG7AGM7T7CU2NO6JBGQLW7L26QDZ3B', NULL, '2018-05-21 10:56:54', NULL, '2018-05-21 10:56:54'),
	(1, 365, '4cc10588-1054-4598-9504-e27fa721a6c4', 'rahhhhddaa', 'mahto', 'ACTIVE', 'SBZK7HOMHWXHMUA2E4NJU2O5IGZNCNUF366DISGULVHMIDT7HDIGUBSO', 'GD74NCWOZHWOIRP624MCOM5CB5XJLEVZEHJ4DX7DPR5WABZUEINPESUD', NULL, '2018-05-21 10:56:57', NULL, '2018-05-21 10:56:57'),
	(1, 366, 'e0176085-4cd1-428f-a97b-ee0ed57903ee', 'rahhhhddaa', 'mahto', 'ACTIVE', 'SB44V3XAHCXVQIXJ5I2JTPC7GHFVFFSZLJGMBBD5DCXX4MQAC272U6JW', 'GC4CL4SAAWHUAQIPGPORJBCGAQKIE6YJUXOXYVODBXA3A2PY5RGHHOOK', NULL, '2018-05-21 10:56:56', NULL, '2018-05-21 10:56:56'),
	(1, 367, 'd1221b5f-2e33-4d41-ae1b-266e6209440f', 'rahhhhddaa', 'mahto', 'ACTIVE', 'SDXF25UMA3FWAA3QEZ7QCGBLIFB6SVAMHWZUIXFJYOECISFROYSI26VE', 'GD6BPJR2QZMP6KHUPRUSXNPREPJWWNJ4NL6QLBPUFO6ZGVYCNYR4WXRI', NULL, '2018-05-21 10:56:58', NULL, '2018-05-21 10:56:58'),
	(42, 368, 'fa9cce52-4d1b-4752-bdb0-51935cdd1c15', 'rahhhhddaa', 'mahto', 'ACTIVE', 'SCNIOESV4H4XZLXMC3ZYQQFTBC43BP6DEQN4MFRJWQV4N6KQRHA2SUIV', 'GDKZ36WPGFX5AR2TVJTTJCPL4SJRZZ6FGJUMUTGOSE5J3Y3WDMATM5SV', NULL, '2018-05-21 10:56:58', NULL, '2018-05-21 10:56:58'),
	(1, 369, '5a9f0e54-14fe-474a-94e3-9b4ecd50234d', 'rahhhhddaa', 'mahto', 'ACTIVE', 'SAEHXI5XQCVKXBVR6RKFVBAVQ73AHGCICH6YO7EBAIFDIAAWGJMNFA7Q', 'GBSE5GY5UZQQUCFXZJQGRQX4LKUGIRRRQNTZYKDS76N5U537PJIYTWDM', NULL, '2018-05-21 10:56:59', NULL, '2018-05-21 10:56:59'),
	(1, 370, '778a291e-4ce4-41d5-a8e0-a3d6c2e76e37', 'rahhhhddaa', 'mahto', 'ACTIVE', 'SBY525OCRRJTUM3Z6EGPSEYYZTG5V2CXYXV37EJDMYMPIT3QZSHHWML5', 'GDEDCIUAENWIKF2ALBGCVTETKNEIHKQPABWE5NLMWSF2D22M6DH4WF65', NULL, '2018-05-21 10:57:01', NULL, '2018-05-21 10:57:01'),
	(42, 371, '28bfab59-7de0-4762-90bb-c063d5ac801e', 'rahhhhddaa', 'mahto', 'ACTIVE', 'SDD4BQDEV37DWD54YIKDASLH2TEDY4O2PMOWBWFYWULY6WZYAZM6MIR2', 'GCHQZA42T5VX3VTNG6Y2UJX2FVOV2V2AGGFGKIZVE57F5S5I4F273KEN', NULL, '2018-05-21 10:57:08', NULL, '2018-05-21 10:57:08'),
	(42, 372, '60c31712-b3bd-4ab7-b547-b8705aa0626a', 'rahhhhddaa', 'mahto', 'ACTIVE', 'SCL4IJBWNW4UGID3SW5U7K74G7XQNAISIQSBED7KBDQB5MX2754D7NKI', 'GDKYJ345AG4SYAD7R66WFA4RY7OPV56LLDCFG7DJWMTWJWJ34DD3LSPG', NULL, '2018-05-21 10:57:03', NULL, '2018-05-21 10:57:03'),
	(42, 373, 'c0cc1c5c-ac2f-4267-91e9-55c4af01c1bd', 'rahhhhddaa', 'mahto', 'ACTIVE', 'SA2435LUUCIJEHHTW42DNOD3FH2KX4QYVZYHUQZC33NYNR2EO5CGWXHF', 'GDUB55ANI42275TWXMGX6DDR6QDON4NNMNSJOCBCWTHUTMWHRE2LVKN2', NULL, '2018-05-21 10:57:09', NULL, '2018-05-21 10:57:09'),
	(42, 374, '623669de-042a-4b52-9139-a5ec1a77fe78', 'rahhhhddaa', 'mahto', 'ACTIVE', 'SCWG72C7QSVGC3KUMDEQZZ5YZBZPGG7QFZEPJG5ZLOCKWIQTGDD2PF7K', 'GAFFJFYBKTKMAVH3MRH5NXWPOBGR4ZD3HF3RUDCSDQGTFSYRNKDAACG2', NULL, '2018-05-21 10:57:13', NULL, '2018-05-21 10:57:13'),
	(42, 375, '7db9b8ad-4994-406d-a505-07c796521585', 'rahhhhddaa', 'mahto', 'ACTIVE', 'SDRIQNIBHFNZUDY7V5JQBWHJLB7Y7LAJOCATVL6BGMHQAIVC7K2UXWA7', 'GDJAPQ32JLNOALF2OPMI7MPCMM75RVHLFYMQN73EW46DMXL56YUMVB35', NULL, '2018-05-21 10:57:13', NULL, '2018-05-21 10:57:13'),
	(42, 376, 'e1fd235b-0e6d-46d1-a783-7e804f377370', 'rahhhhddaa', 'mahto', 'ACTIVE', 'SDFAG7MTYMFFXV5CYYKX6GQZHY6HUIRMDC6BFODW3FX3BALLKPVN3XR6', 'GCKDFVMBAODVUYO6PJAE7DQUJK3KE4SKYC6M4EM5XCRWD4PETPKCZP5N', NULL, '2018-05-21 10:57:13', NULL, '2018-05-21 10:57:13'),
	(42, 377, '2da3ba19-645e-4a39-b233-b623f5576140', 'rahhhhddaa', 'mahto', 'ACTIVE', 'SBYOOB7MQECDVRZZXY7XKJOCV6HX4JLYOYC3FDIAYYSAC3JX3Y3C3JWK', 'GBWSF7X5BPLGFVDB5VMYG4ZFR2K7EKZI6G4JHQTMYQFIKK2BPSKZJD3S', NULL, '2018-05-21 10:57:22', NULL, '2018-05-21 10:57:22'),
	(42, 378, '59bc8e56-9507-42d4-9e7f-18a38cac3934', 'rahhhhddaa', 'mahto', 'ACTIVE', 'SCOX7P5JTLOG7ZDGQPPSDBJMPXICRFEDV57YYK7XGPAO3YMRPD3PRT7O', 'GBZLTG2PQ54EK7ETZPV7SXAPESVDAVMVHOVBIQKP3BFEFG6EZML5GMYI', NULL, '2018-05-21 10:57:28', NULL, '2018-05-21 10:57:28'),
	(1, 379, '97799018-1d54-414f-9b9e-043e1725d44b', 'Dndhdh', 'Fjfhh', 'ACTIVE', 'SAN7G3SGO3YBG6IE72LX5DYPRN6YCGBR2EMJG263WUSE4WQH72VSG5M3', 'GAT7ILYPROWIJBWOMFXLJNAW3KH2WUDOGZEAMH7W2VN22MRILI7AMTDG', NULL, '2018-05-21 11:03:27', NULL, '2018-05-21 11:03:27'),
	(1, 380, 'c8f7260d-6764-4ddb-969e-5b74c8cac6c9', 'Ddh', 'J', 'ACTIVE', 'SBRPSS56LZCYH2MATRXVD3HLTC2M2OO3MZGXUX765MSSMOHTYGIZJJGB', 'GDZYZVL5K7SEODXNCHQFVBTMM5AA5EC3LVG3QNMV4ESFSGZW5ZMUU6HW', NULL, '2018-05-21 11:09:07', NULL, '2018-05-21 11:09:07'),
	(1, 381, '75b3e54e-15e8-4875-bcea-a2898a2f1660', 'Fddh', 'Rnrj', 'ACTIVE', 'SAXNCVQQ7DVCOTGEITBARFLK2USQZ5WCR4VP25BDKR525VSPJXXTSZV7', 'GCLT2YLAR3BKDVR7CRG2L6JE3546GQIOOJZPEQQ7CSRTX2AH6AMOQDL2', NULL, '2018-05-21 11:12:37', NULL, '2018-05-21 11:12:37'),
	(1, 382, '4b555ca7-6a59-46ff-9ffe-1a64e73936a6', 'Santuser', 'User', 'ACTIVE', 'SAEPX4MXAVSPPNZVTMTUIOSCG4PM6T5SKIAAEVMJFFN6MHVZ2IO32O3L', 'GCR6ZAO6SJICNODBG6SQGW242GYIW7Z3RFE2KK7HPHAZCIDEVLI6XUDI', NULL, '2018-05-21 11:18:02', NULL, '2018-05-21 11:18:02'),
	(1, 383, 'dd466396-e594-49ce-b88c-d64debef8ccb', 'Raju1', 'One', 'ACTIVE', 'SBG5QRHSCWVZYU5ZHBQERRNFAZNRQVALZVI3JSWPQYRCOWYJO4U7M22Q', 'GD3VKS77UYRCGGQ4E2QGLKDQUXE2NGT6ZOW6YBZQEH67J3DW2KIDYVDP', NULL, '2018-05-21 11:28:39', NULL, '2018-05-21 11:28:39'),
	(43, 384, 'f5b1b41a-dbed-4b5b-93e4-2d8ed20f34ce', 'Raju1', 'One', 'ACTIVE', 'SCN6Z55YFSGSZKJ2MEEQSQDILAOEOHPOMW2H7SPTJN2YQMHWMB37FNFB', 'GC7L6HXXQTEPARAYPLP6Q54VPPXBJ7KNLKZ3UWJHBNIGABYTVI7AOSPT', NULL, '2018-05-21 11:28:48', NULL, '2018-05-21 11:28:48'),
	(1, 385, '82caa6f7-0bff-46dd-8f8a-f106440c6d0e', 'Raju2', 'Mahto', 'ACTIVE', 'SD3XT3UMK5IHS6G37QVBQKPQPTDINZ2AHBJ7MB5XUSML2LQNBQNS64ME', 'GAZEK3AO3NHP66MD6YNDQTU6PF4S6FKNADUV27MMZY5MXYXNXIAEPOTQ', NULL, '2018-05-21 11:34:55', NULL, '2018-05-21 11:34:55'),
	(43, 386, '17bec4ff-621f-4adc-8fce-31eb59d411f5', 'Raju2', 'Mahto', 'ACTIVE', 'SBDEIRJ3G4CKZQEO32BL4P4QOZULWQNWF4235XMM3ZXHASL56HQLJ5OI', 'GA4PRCLBAMRY65MCNS55YJ2JSEQVSCMFURS3FASELGFL2OIC2XO5X3V7', NULL, '2018-05-21 11:35:08', NULL, '2018-05-21 11:35:08'),
	(1, 387, '81be3317-ee6d-4e89-8724-55f2bf23a286', 'Raju3', 'Three', 'ACTIVE', 'SCH4IUYEZ5ETA3LKAVMKMB2DY7LUBRBBTPR74DZZVWUS7CANMHLK7PJS', 'GB3RW2MI5CBOG2YRYK5KDZGQ4HFQZOCFF5MWJMLFGMZJAB2UG65FUIE2', NULL, '2018-05-21 12:16:36', NULL, '2018-05-21 12:16:36'),
	(43, 388, 'a0d496ac-22c7-45a8-af66-5ec522fc6bc3', 'Raju3', 'Three', 'ACTIVE', 'SBUZNNBFFBVGDE7YL7QM57UQAY2WHFZOUYLIMP2ZJ27TGSW5MNJCXEJD', 'GB32Q5HDOSDL3QTYVJJ2RTS65PX4CWTMN6M4YQJX6WHUWDFETWU2Q56U', NULL, '2018-05-21 12:16:55', NULL, '2018-05-21 12:16:55'),
	(1, 389, '79832faf-00e3-4243-accf-ece257b49fc4', 'Ram', 'Ram', 'ACTIVE', 'SA6M6MERGREKFQDI5XLEJEIYYNJCEVJXMIP7BIFGI4SJXE5ZZNBEWORM', 'GBVSOQ3AQAP5I6L2FNTAC7IDLIT2DSW2G7S7KP2JHGOL47ZG5MXYLVSM', NULL, '2018-05-21 13:20:37', NULL, '2018-05-21 13:20:37'),
	(1, 390, '076e20c3-80b9-4813-9736-b2879fe26b41', 'Ram', 'One', 'ACTIVE', 'SAEJFADYMN4HXLGZX2R2JWWR7HR5YDIZ5I3OXO4PCM5ETJ5O2B7CSI3E', 'GBYKJBKANHYRZCD3GGNULSL7N5L22WRNF4JRHXU5UJA4KKIBG7VVG2E6', NULL, '2018-05-21 13:27:09', NULL, '2018-05-21 13:27:09'),
	(1, 391, 'd6f2741a-bab6-4f6c-9230-5f7c4c2110bf', 'Ghj', 'Vhj', 'ACTIVE', 'SB5GHAG3NRHOFZJSMYOSP6QY4VVRDHYQUERRPKIRSQGFF2RLLEUCITWK', 'GAMSMZ2DB47U43LUZQVXXWLWPQQQK4MP6HUF77XF5UUO4SPMVBEWXA7I', NULL, '2018-05-21 13:33:46', NULL, '2018-05-21 13:33:46'),
	(46, 392, '57ffab4f-b0b8-4e10-b428-ef8e9ca12efa', 'Ghj', 'Vhj', 'ACTIVE', 'SD6ALCBD7PHLXD6TYL3MGY6M7TODK7WRGALMTAAUAMQYP3RNKCTGUD2M', 'GDLIXQLOFWZTRIRJUL6F3PPJBM7J5IPX6YZCCEVWKEBYTBG6Z4QSYTJ7', NULL, '2018-05-21 13:33:58', NULL, '2018-05-21 13:33:58'),
	(1, 394, '66a8bbb9-10cd-4348-9007-3485f2d5322c', 'Sachin ', 'Kumar', 'ACTIVE', 'SCGR7EQZXEK5TW3BVJB53DDQMKZEIQOUYF5XD43MXGUQME2LYEH4VRJ3', 'GADRSMXU3ZEEK4HQUMCWWRFGOZXR24MKE4Z253QEHM62FYQQOU3BJTDK', NULL, '2018-05-21 13:43:22', NULL, '2018-05-21 13:43:22'),
	(1, 395, 'd0357bda-b8a0-4368-997e-74a9e3aa336b', 'Sach', 'Kmr', 'ACTIVE', 'SCOKJH4MHRZKUURHBPCOLXTRA6SYHA6SBDBD4EJPLEQJWTWCPHE7KJZY', 'GDZHJ34AC4D3TGZC5FSKTO4Y5RFSTFZVXUDKXY2Z2DJYLFDB4LHIFXQG', NULL, '2018-05-21 13:48:09', NULL, '2018-05-21 13:48:09'),
	(48, 396, '0e5b2b0b-e41b-4380-a2d9-ed80fe770914', 'Sach', 'Kmr', 'ACTIVE', 'SBNMYW6XMT7B7MX4X535JSSLUIVNTIDHNJWUC6S42ZW7MTZIZGDDVN4D', 'GA7VYWYTTWIGO4U5J2MHKIS6NON47C23ZM7DFP636GQCFHU2PEYIAANX', NULL, '2018-05-21 13:48:18', NULL, '2018-05-21 13:48:18'),
	(1, 397, 'bfbcdad8-1aa4-4de4-b103-b8a303e13063', 'Test', 'Client', 'ACTIVE', 'SAPXZKCJ3Z72ID6S452HO43IRYWUYVOPJIISVQPYRBJLYDI5XJIIYUHI', 'GADRIP6DRWTMQIOFQOJ7E7GYTADKQ7E2FGJVX724XQZ4YC5H7TXNQTCB', NULL, '2018-05-21 14:22:02', NULL, '2018-05-21 14:22:02'),
	(1, 398, '646aa076-36b0-4696-b90e-645230621622', 'A', 'User', 'ACTIVE', 'SB6AFASNSDGLGFLEJM3VN4HVAN7FQXQ7HHRO3BP2JTJ37WUX3NCHJQGO', 'GDBHTA6G6WUK6FUYY5LUNKTEK37WTKNYKJPWIEZTGOFGZ3VHC2ZWAU5I', NULL, '2018-05-21 14:39:56', NULL, '2018-05-21 14:39:56'),
	(1, 399, '2ad25cf0-ca58-4337-afb3-663cc6aeb442', 'B', 'User', 'ACTIVE', 'SC57FIVEVXS2TJVKM6LWNYLWKEPTVKQ5QT2LNEU7KUTP6CMZF2FZYCZK', 'GB5MGZQKDVP3WQABZ6MK6RJ2YRXB6JY6TG4LIACXRZXD2NOFJMVPERIK', NULL, '2018-05-21 15:03:52', NULL, '2018-05-21 15:03:52'),
	(1, 400, 'aa6d54f3-f6b0-4e9b-bbfb-55ae1d86adf8', 'Royal', 'Raj', 'ACTIVE', 'SAS7FHGTE63QZSEZHFZUAMMJHG3M5RDGYFSALKELJNWCI3ZPAVVKIDUM', 'GDOK3GLARE2YBYPHCHR4Y24WEOJDVQO6MLAXJSP2JAC2K5KO5IDFFEGA', NULL, '2018-05-21 15:13:57', NULL, '2018-05-21 15:21:08'),
	(1, 401, '6f1c0c31-071a-4ca5-8185-ae946c1dcb89', 'C', 'User', 'ACTIVE', 'SDNKJ4LUCBOOV4OTZ23QT4QAWARQAMUAGRS7ETHNMCQVUPGCEKOPFEGZ', 'GAJWSRNIUDMZQZKD7TF2ME56M2534CP6YH3WRWRPB3KSECMITD46CGKH', NULL, '2018-05-21 15:14:28', NULL, '2018-05-21 15:14:28'),
	(49, 402, '6474d6a2-bcd5-40b9-aeff-af44c9a6cc56', 'C', 'User', 'ACTIVE', 'SB5N67NH3ZOC2FDWQ2QLCIPNI3QUF5BDSSJ22VQHR6J5RPIZRZRYOJY7', 'GCRABBBSS3JBELYWLRD7OFYBQYJCMJSLMXU2QWLW2RO3HBOTX5PZCAE7', NULL, '2018-05-21 15:14:38', NULL, '2018-05-21 15:14:38'),
	(1, 403, '17d1eda5-5708-46b7-8f06-d333993b8c4e', 'Xjbcj', ' Njk', 'ACTIVE', 'SASBXG7OF44LV7RAMROCSRNK2HXULH3CKBKLXFMBOWN6XZXHPWT57GUC', 'GDKNQWINILTW6PRRZR7T6JPNDSRZ2PQWZPMZWBSQH5SK7NI7Q55UCFOK', NULL, '2018-05-21 15:35:12', NULL, '2018-05-21 15:35:12'),
	(1, 405, 'bf767a55-c592-4e55-bac5-cc015c330bae', 'Rhf', 'Ggh', 'ACTIVE', 'SCQVKJT4X5WFT2ABDJYG3AJZUELBH5CLM7EFF7TSYPD4YAXUMHALN44M', 'GCRPLCPDR7VWXH4XMQ4XAFBMT56SCWNISYLV5LKDVYB2ZH3T7ZPXURHS', NULL, '2018-05-21 15:57:24', NULL, '2018-05-21 15:57:24'),
	(53, 406, '11bbd3b7-9cc7-4d86-807a-e97ac6b9793a', 'Rhf', 'Ggh', 'ACTIVE', 'SBA2NWJGHQYTJEWB5YNTBH2CJ2ZWEBHJDNR3C2F6ZDSU5NGBDQAGUUNM', 'GA75KHQSS2LJMMVJWMHLDSX7KMXIMYY2AIZKWYSMH6XJCUZXCQRMHNMU', NULL, '2018-05-21 15:57:33', NULL, '2018-05-21 15:57:33'),
	(1, 407, '0dc6356d-8494-4f6d-af98-b4395b1f3bf9', 'D', 'User', 'ACTIVE', 'SCBVR2MOBATQ66ZJ5Q445IV2WMJ475POGWVAZCHBIMA3OX4YEZUWB4MZ', 'GASF3B7Q7777WEFDFP2HHCK2GHMNCR7NP5VXZVT7N6LGZCXKV2GKXIZM', NULL, '2018-05-21 16:04:14', NULL, '2018-05-21 16:04:14'),
	(49, 408, 'ee73527a-ac82-44b2-9abc-80aa80da75e6', 'D', 'User', 'ACTIVE', 'SAGVCJZP5ZWN435BMF5NHH4UIWOONXNRYU244RH3OICVHF2267XCGZG3', 'GDTECPUYIGFR3HKA45NH45EMEKQTJOOLVD33ATISZBVTBXLBJIOIIRNC', NULL, '2018-05-21 16:04:22', NULL, '2018-05-21 16:04:22'),
	(1, 409, '003c0135-a087-409a-b36e-a123db8fe648', 'Agent', 'One', 'ACTIVE', 'SCOFQWLXTICFM3HTCJ2FXYX4LOER5K67ATJRXHDBOB55DMWDNBNHIZGC', 'GAR57EJCETWVEDTTQE3I6CPUHEQWLWQAVHBRXP6MXYLKUTZJJFZK553S', NULL, '2018-05-21 16:05:10', NULL, '2018-05-21 16:05:10'),
	(52, 410, 'f7ae50d4-fc06-498f-9ce3-3f352564b6bc', 'Agent', 'One', 'ACTIVE', 'SAJFPOYG7YRHQEKOPXRRZOH4TPNO7RMH6OUFZGZLFRA5HB5XENKOKTF2', 'GD654H6BMEPO5O3WPX42YQG4PY26JFMZG6RQS63MRNY6VQ6C63W5OYGK', NULL, '2018-05-21 16:05:23', NULL, '2018-05-21 16:05:23'),
	(1, 411, '2ee437bb-ca71-444e-ad01-ea3d62bd00e9', 'Agent', 'Two', 'ACTIVE', 'SCSJAJR4IDIL5GG77RGM7SZLTFFVIYF5OIECKMTPAIFONXZF7UM33HEZ', 'GCBGWGGN4H2VPYIAGHN76A7G4CS4AI7QTEJEJYV4N4YIPH3BJXLTLHFI', NULL, '2018-05-21 16:08:53', NULL, '2018-05-21 16:08:53'),
	(52, 412, '47648e52-2d29-4467-87de-8ccf20a0e8e8', 'Agent', 'Two', 'ACTIVE', 'SDHERRDIJWZMBBJQFZSILGTF4LEPKLW6TLQ7TKLG77MI2VDCWXCXS3CX', 'GD54H4S7OWQVHLTUR2WTJRP5QDHRZMXZEUWEZIRPOREPLXDO5WWQUTSL', NULL, '2018-05-21 16:09:03', NULL, '2018-05-21 16:09:03'),
	(1, 413, 'b00a6c18-06d1-4088-a567-df4d2bc874e5', 'Agent', 'Three', 'ACTIVE', 'SD233HHJYNTRC7M73SSL5LFAWKYIUKIT5VXGJ62QDQ2I4OHUT7K45NCU', 'GALGTRMXTWFJ4QQLQZHROM3ZS3TDW5W62YB4I564VU6L6YDURO4FUF5Z', NULL, '2018-05-21 16:11:55', NULL, '2018-05-21 16:11:55'),
	(52, 414, 'e54a2eda-fb92-4a33-a7f1-b608ae785141', 'Agent', 'Three', 'ACTIVE', 'SAZ6HUATNJEMWWWISYMWM2333BUQNQVT7XK2VDH3P4DD4QEIYPGXF6H4', 'GC7C4VBJXQJSMORWS355FCVJJDQKSY6HZTVCYEKJN6G6XBLUXWR5FZT5', NULL, '2018-05-21 16:12:08', NULL, '2018-05-21 16:12:08'),
	(1, 415, '69dd310f-1be3-47ee-b5c5-c7fc1f3ff746', 'Agent', 'Four', 'ACTIVE', 'SDIFHWV467WNM2KXXLFEAWGKIMSXTVLDBXF2ITPXHACGXGL5VCXM2QTA', 'GCPWD4GGGBYBBGFLHTJLKYRHQ4RFLXJSL6FX5YFPHBY2VFOAA2L7GQJX', NULL, '2018-05-21 16:14:27', NULL, '2018-05-21 16:14:27'),
	(52, 416, 'ce683c35-8918-41c3-b38a-9474ac617679', 'Agent', 'Four', 'ACTIVE', 'SBWXOXERQV23WW6U5FQASCJ3YV2G5OYFEKDOQQJM5SZLRCFLZBVEP3J3', 'GCIQ6DW5PEN6TSW53A47BD4LAGRT65FTNJI4YH7NQUFGQCA76WB43TZ6', NULL, '2018-05-21 16:14:38', NULL, '2018-05-21 16:14:38'),
	(1, 417, '76fa159b-1abf-4a7b-be4c-e85e2c79465d', 'Agent', 'Five', 'ACTIVE', 'SACOBBHYVZBRAXKSI3N52CYU7ZQ3ZRMQKM5ABGMGCG3L7X5DFE5ZL374', 'GCV6RPD6GFUD3UNMUBTQG4B7F5GTSY7QJGK443QNXBOTGIDIIR5VRYZP', NULL, '2018-05-21 16:17:11', NULL, '2018-05-21 16:17:11'),
	(52, 418, 'd270e83f-2fa3-4349-b076-214bf3e62e8b', 'Agent', 'Five', 'ACTIVE', 'SAF7KD5OGP6ZHRYKNIF4IYYBVRSFIR6E3FWXHMZXOX6Y5GYFQTH5NMOI', 'GAWIPKQM5FLT5UFVRNPHEOZB3HCKKQL7T6IWDDFOZCVSM2ZVHULSKSZR', NULL, '2018-05-21 16:17:23', NULL, '2018-05-21 16:17:23'),
	(1, 419, '9fdd2984-260f-4daa-a499-93692ddaa619', 'E', 'User', 'ACTIVE', 'SBDEVA7LOFW7TV7TMD3WVQAEDLKYBAYKJJXYNVWCNQR22X7WF4FKE6GG', 'GAK74AKRMJTH2MGODHBR74KTMV3QUGSLKDOMR7WCDVO77HYPHFKTHLSH', NULL, '2018-05-21 16:19:07', NULL, '2018-05-21 16:19:07'),
	(49, 420, '7f893bbe-28f4-472d-bca1-6e3feeae4975', 'E', 'User', 'ACTIVE', 'SAYKE6KAIXC6OTVGRZLUULB3TFZ72H3M73VK6WGJTM5VTCAK47APK4FQ', 'GD3UO5OXMAZW32Z7SPWG44VW4Q5OWPMVWFDUDUB3HCQCTRLVZZPYJZOS', NULL, '2018-05-21 16:19:17', NULL, '2018-05-21 16:19:17'),
	(49, 421, '0e2fd8df-433f-4e01-97a4-141c1e7780f7', 'F', 'User', 'ACTIVE', 'SBBZAYE2LVP35XGSAR4Q33EHQFRP65KS5XCCXMWSH2V66GFZSUVY5BDL', 'GCF5RBETOANKTJ2WLFHLC6H3J6ZFFJEBYXM7OL7VAIKFDLDPFGTMC5VT', NULL, '2018-05-21 16:21:18', NULL, '2018-05-21 16:21:18'),
	(1, 422, '7c2b8f9e-5b01-447e-9a6e-d6f74c31359c', 'Agent', 'Six', 'ACTIVE', 'SDPRUV6WEH7NXTJXKIJIUJU6A6CNACW4LAWWZP4J6FWQURMYHKW7T6LJ', 'GDLKZQZLPE4K6NDANJRXUJBOPB6MTXUT754W4OYZ77FQAXKMOXNQCAHY', NULL, '2018-05-21 16:22:35', NULL, '2018-05-21 16:22:35'),
	(52, 423, 'e75ca49d-4c9e-486b-8b98-0be2db1529f2', 'Agent', 'Six', 'ACTIVE', 'SAJIMD2477GZGULPT76XD7PUY24FRES5ACVILPH3N57U2R7HGXTQCWL5', 'GAAYAP3C4TUAQMQAARUEAL6L3BBIB42IKGNKCQ26CYIOQVO2LX6GG3D7', NULL, '2018-05-21 16:22:48', NULL, '2018-05-21 16:22:48'),
	(49, 424, 'f2b49638-4b96-4cad-8663-cda6ea94b987', 'G', 'User', 'ACTIVE', 'SBYF3PCAEBW46GK2SER7DEL7WCZDNUDY3ERSA4FKFBXFJ62PXZ2B2ZX4', 'GBLWX4REIFBNR52ZDDF3RFIDU5ANKR2MDEZKT3DADUA4XI5WJINKICJH', NULL, '2018-05-21 16:23:17', NULL, '2018-05-21 16:23:17'),
	(1, 425, 'd209a07a-cb4f-48da-a3f1-12be6d3dc1fb', 'Agent', 'Seven', 'ACTIVE', 'SCOSLOFXJTMFFZPN24VLIND3USXFLBCEE7HAUGFAFCAPQTQPJ77LZEPV', 'GBAWLYKEHNXK5YWCFURSDI54O6HL5OCUTFFYPRULPH4IVGZ24X72YABH', NULL, '2018-05-21 16:25:19', NULL, '2018-05-21 16:25:19'),
	(52, 426, '9a810154-a822-4544-a9da-e9f653add1e2', 'Agent', 'Seven', 'ACTIVE', 'SD4RAOIFSNS6G52CY6NXK74IVKRIIWFNFTX73QTZ2W5O7X4LDO2ULSMQ', 'GBXIXHU65KZIQO23RCUROJQUKSHQ3TCKNN3B3XTAB7GFAII33TKCN7KH', NULL, '2018-05-21 16:25:28', NULL, '2018-05-21 16:25:28'),
	(1, 427, '19873e7e-3b04-439c-85af-4a8425e9cf4b', 'H', 'User', 'ACTIVE', 'SAUYVCC77LTUOPGYUCOXGNYSNN43ZYO3BZUNAWCBCACH4N5EAPWDZXNE', 'GBN7JUSU67YG47FVDG7ALZA4QAFRKJB2RPJCPZ3RJTPLVHIUKLOLYBV6', NULL, '2018-05-21 16:25:36', NULL, '2018-05-21 16:25:36'),
	(49, 428, '651902b8-dd4c-4edf-aac3-56a6769ee50c', 'H', 'User', 'ACTIVE', 'SC4TPIGD5ZPLRWIPHF5RZBRLLRFARKFF4GPLGHHSSGDJE2MK7ZUQKKZH', 'GCFIMBAEMSFLFLYAR4ZEZVUCMQC6NRA733KXWMBGDQJUSB6VXH7NMLPI', NULL, '2018-05-21 16:25:47', NULL, '2018-05-21 16:25:47'),
	(1, 429, '9e8b73eb-c7cf-4d85-8937-c48b9da7cf3a', 'Agent', 'Eight', 'ACTIVE', 'SDIBZAJAI4NGNIJSCI3MI5ZQSEPMUIXID6XPIS5PUY66VGDAGODQZ5PN', 'GBDKD4CQY4RXHJ3P5AEOCT7QDLTYG3IPLT6MWFUYE3H3GYDFZAKLHJJV', NULL, '2018-05-21 16:27:35', NULL, '2018-05-21 16:27:35'),
	(52, 430, 'b5e2069d-f625-4b8e-bc84-eb50bca78595', 'Agent', 'Eight', 'ACTIVE', 'SCZLBY3SRCLACRVWMKONLHME34TS3B73YEU7IMKBWO6GAFMFZOE5YX5B', 'GDZWCRZYFIFHDYYRP2N6AX3HTYRFVF2HHCNMMTF4MU4ZOZERFAVELZJB', NULL, '2018-05-21 16:27:47', NULL, '2018-05-21 16:27:47'),
	(1, 431, '71de02c5-8024-48b7-abdc-8353aafdb3ed', 'I', 'User', 'ACTIVE', 'SA3ITHGTXDS727OP47ORQEYTSNLIUM4W43R4DGHNWJN37OJESLATE6IX', 'GD6J2GGI5V4T4XV52XCT2QO7SCHLBMJ4EIXDPCYRE2ZV2EE2A5H2KFRR', NULL, '2018-05-21 16:27:52', NULL, '2018-05-21 16:27:52'),
	(49, 432, '29c84ffa-1e15-45b6-a5fc-2e16401ad6f8', 'I', 'User', 'ACTIVE', 'SBHECTDNICD4VVYNSB4LRFAV6OSYJE2VWQ5KDYUK27RPDEHUGIKV2AOG', 'GAE2J5XMEG4UCLHQLNNMRNMH4VQL2RNDQPIFAAVV25G7QYL4T3NVUFCG', NULL, '2018-05-21 16:28:02', NULL, '2018-05-21 16:28:02'),
	(1, 433, '28224811-ca77-412b-b89f-c7726c013fcb', 'Agent', 'Nine', 'ACTIVE', 'SCXL54AELATEALYMN2OHBT7SEWEKXBMVMWBZL7R2OW7GE434IID5IBQV', 'GCJ74I6W2ZYFFAM2V3VOXGMKLLXAIANYXG6PDN54QRBGNLYYXELXZDTW', NULL, '2018-05-21 16:30:31', NULL, '2018-05-21 16:30:31'),
	(52, 434, 'bc8f36ba-8449-44b6-b2fb-bfd4053f9226', 'Agent', 'Nine', 'ACTIVE', 'SCMWSLN772VWGOJ32B6PFHGKY4GGENDGFA3N6J4EAYTXEWTTJVBVYSTS', 'GD72QPEMJN5RT24IS7XTWOLHJ2XTVHOVFRE2XV42FM6ULCXO2H3Z7XQY', NULL, '2018-05-21 16:30:43', NULL, '2018-05-21 16:30:43'),
	(1, 435, 'b9b3e089-c6e5-47af-bee3-bb057a1fae92', 'B1', 'User', 'ACTIVE', 'SDGLGAAFUX7KKYB7RUFFZW54OMGD2FDLL2DTAGYTBTQ5RT5K55N5JNSX', 'GAUHM6W465ZYPH4QDFGYVXHZDOWDJUEQPXKIXF4RJO5O4T4HHVY643SB', NULL, '2018-05-21 16:37:10', NULL, '2018-05-21 16:37:10'),
	(49, 436, '8f718733-cdcc-4b85-a752-02e8eaa31a80', 'B1', 'User', 'ACTIVE', 'SCQYBN7JL2TUPJUZXKZUYLBCK7XAOOBKYO33QUM4753VQUMC6PB4OS5H', 'GBWF67TIRYT5LMZY3QHJMGJ6UKXROJJREABRSNEFXYSZDYRNKLQMZ223', NULL, '2018-05-21 16:37:22', NULL, '2018-05-21 16:37:22'),
	(1, 437, '8c15698c-a9a7-4467-b245-16fb7687dd4e', 'Agent', 'Ten', 'ACTIVE', 'SAHW273ERAP2KHPZSHRNNKZNBZ2I5GC6OLAMHV75NUDLFFQIDUKTC37G', 'GAVJB5I56YXUAFNFNZZQHQRWE3EQNFXETKDRTYI54XC2CY6LMFILPHB3', NULL, '2018-05-21 16:37:26', NULL, '2018-05-21 16:37:26'),
	(52, 438, '4132d64a-603e-4fdb-b22e-322172eb61ec', 'Agent', 'Ten', 'ACTIVE', 'SDL7UITG3TDKQR3FJGERXMRRKR2UAUQGR4HCAFNL3NK35ZJOBWVDK5DA', 'GAWUFSRZJTLNF33OGWLC2J424EGXRUJDHDK6XHHQFR66DVSHM73GWKDJ', NULL, '2018-05-21 16:37:37', NULL, '2018-05-21 16:37:37'),
	(1, 439, '17a78a28-9c17-4f8d-a1c5-4cccd45c2229', 'Test', 'User', 'ACTIVE', 'SBFQBS4SMO3ZDYKIF52OTVOF5LW7RN5JC37CPPQNPQIL4RFHM4NQT764', 'GA7OGZIGRY7DK2DELJBN7DYLNE4VNVD3A3RFM7X2H5F4FWT4PJFSPJJW', NULL, '2018-05-21 16:43:31', NULL, '2018-05-21 16:43:31'),
	(49, 440, 'd385388c-8789-4a59-a9e2-c1b747ed10dd', 'Test', 'User', 'ACTIVE', 'SAF6E2OQH5LASITWGYO5MNQWILNBHYJRMYPFY5EDKOL5NUJX5LKNLI74', 'GDKJEPJ2X67DS3HVK45J4OWDKZB6Z36EGM4X72RMDGMK7PQS2QWIFPZC', NULL, '2018-05-21 16:43:42', NULL, '2018-05-21 16:43:42'),
	(1, 441, '0cee7249-2c88-4ad8-bdeb-f46907639989', 'A1', 'User', 'ACTIVE', 'SDUMXOSBDJRXGC5NE4IJ6YFIAOILXKKSOIOLIGFOIGC2HAU35MFBYGNO', 'GCNJBPYHNEOYBBEGY646U7GFEYFFQIGSB4AMZSFWQWE2KUJMGGBLIWHK', NULL, '2018-05-21 16:46:04', NULL, '2018-05-21 16:46:04'),
	(49, 442, '8305bf5b-82d8-4183-b267-1dd3d57d66c1', 'A1', 'User', 'ACTIVE', 'SBQXSSKSQBVZT45VD26FG6KPY5TJ3S6CCNQBQHLM3KKALQIYOXROVSVS', 'GDDCK4A5UTZSNUOFWYI4Q7OFBUVI62W3JFLOQPJVJTQSH6RD56UUMLXN', NULL, '2018-05-21 16:46:12', NULL, '2018-05-21 16:46:12'),
	(1, 443, '2188a2b2-a924-4266-bbf7-967552d07b45', 'Agent', 'Eleven', 'ACTIVE', 'SACB3MCIL6KU7Z52M4MBVP5F4WLHJWETJLPCAPHFFHM5WYJZ7KMLXN3V', 'GAHQOFKTXZ5B55F74CQ77M66QB4X4GZ4LUEN3HSPHEPGPH32ALUDKQOI', NULL, '2018-05-21 16:49:22', NULL, '2018-05-21 16:49:22'),
	(52, 444, '251fdd60-5aa3-4d7a-82a2-62014ebc6d61', 'Agent', 'Eleven', 'TERMINATED', 'SBC234I3PFQKLJ3PCHEKVY33FA2NMOMAIDTSEQMNSLIKES2V6KU5MC2J', 'GBTC3TUAI63RECGG76FGHHJZFGQQCPDRNUCVECVA5MOVJ74OHCNIQOMH', NULL, '2018-05-21 16:49:33', NULL, '2018-05-21 17:29:30'),
	(1, 445, '3a313fdd-ca45-42f3-bba6-a7af0e692af7', 'King', 'Maker', 'ACTIVE', 'SDM2VR73XB45BGUX25WUEKND3BVVGMW2BXC5ONRTFIEBXALS5KGTYQ6S', 'GCJER6AKTBOKKIJ6EHGAH5NZRPWZ2PFZVIIQV7WXBUWGPPWNLKB6ZGOG', NULL, '2018-05-21 17:34:32', NULL, '2018-05-21 17:34:32'),
	(1, 446, '9d34c008-1651-4d1b-a4d9-a46b30202fc7', 'king', 'Maker1', 'ACTIVE', 'SCYDLXE2CS4Z4IHLAFJXVVRMLGTPET2MKSCXIHR6YSPYHR46S3IEWVDO', 'GAF44IKISEMI74TQF5K53HDASEX4JRHCDW5XNNSZVGNFHMPFAUSZ2VPB', NULL, '2018-05-21 17:52:13', NULL, '2018-05-21 17:52:13'),
	(54, 447, '1ac163ed-f41f-44e4-afe4-16fc2b473c97', 'king', 'Maker1', 'SUSPENDED', 'SA4I4TYRKVC2XJPSVYSHQI4LPESDYCD6BYTT7NAOTBWRBMCSOFPKQR7H', 'GDP6SEUDO2SLSQ3M5GPEIXJMC74MN4IHIGTUI5ET76KSUWFMBTVDI7KU', NULL, '2018-05-21 17:52:29', NULL, '2018-05-21 21:26:33'),
	(1, 448, '44de9fe8-a290-474a-b18a-ee6486905c72', 'King', 'Maker2', 'ACTIVE', 'SAXZH2C6PXOD7JLQ3WA2WSUEG45VAHHF7QCHTP2RALTZ4CKZXP3DSMBZ', 'GCQHQU4Z7AXO5X7BPLSNYUZXKHAPN5JVI6T7JMH3OZD63X6OEUUELNAI', NULL, '2018-05-21 17:54:15', NULL, '2018-05-21 17:54:15'),
	(54, 449, '2e676430-6d67-46cb-ba3e-e423890733e2', 'King', 'Maker2', 'ACTIVE', 'SAYFV6F6WV6SVY6NFS7UOKUHD7BAHCDT4FGWDOBNZYSIRM6GI66PJW74', 'GBFDFRMAEGLNH2SB5IKZ6MGRNTCIQEF3ABOIVVRKL5YEZD56PHB3I6E7', NULL, '2018-05-21 17:54:24', NULL, '2018-05-21 17:54:24'),
	(1, 450, '775fe892-6997-4404-a357-8a773aa57d50', 'King', 'Maker3', 'ACTIVE', 'SBNAYG6R54C6VFF6KYHDY3O6CKTKME57DNJRUG43JANJ62LY5NRVNYQ3', 'GCHF6NF5NT7YUNLPVWTAFC27NHOX4D72IJC6DH7XPQQWMD24RYIOEHVA', NULL, '2018-05-21 17:57:03', NULL, '2018-05-21 17:57:03'),
	(54, 451, '5d0b2d01-3eac-4f0e-84e8-e2335610270b', 'King', 'Maker3', 'ACTIVE', 'SCM7UXG2YTNMVZELTRPQRL4MOPEAYO5QHWYOSN56ENOSZCKR7XAFHDRP', 'GAGEXE2XA326Z23FCMHFLPEIADVX3JZV4R5YCFFPOIXUVPOK6G7ULG2B', NULL, '2018-05-21 17:57:14', NULL, '2018-05-21 17:57:14'),
	(1, 452, '8932ca94-966e-40ef-9b3e-ee79282d3c54', 'King', 'Maker4', 'ACTIVE', 'SCRCZYNV4LSFWBHZUHCIXFKKA2VHQEPOV4HAEYXGJUGT4ITXVILAOTYL', 'GA2AIMGMU5HR2X5ABONAKX44ZNJWXSZIRQCFUZFAFT6S5K2ZEX4BVBGI', NULL, '2018-05-21 18:06:57', NULL, '2018-05-21 18:06:57'),
	(54, 453, '24286b86-7ad4-4a8d-a2f6-e413eda7d8a9', 'King', 'Maker4', 'ACTIVE', 'SCNBQAO3HQN2EYBI6JVECS7574V2MSUOKXR4GBIFPWYQIU3HSRO7A4EX', 'GBG6HODUBC7Z5ONCW6WPEQ3AKFEIQX7LGNHX7BIL377SLHSKBW6WOZ63', NULL, '2018-05-21 18:07:09', NULL, '2018-05-21 18:07:09'),
	(1, 454, 'aaa4faa1-1d15-4988-b781-a32c370efb46', 'King', 'Maker5', 'ACTIVE', 'SBDZ5A7EVUR2CULX3AGZB7FBEXRCUJPO3LYKMHE3ESGQ27FGVBZVDIGI', 'GDCLYMXWNXNLIVUK3Y6ZZ5GUNS25OCJPHZ32XMHVZPQOGBXFF5WPRBMC', NULL, '2018-05-21 18:09:06', NULL, '2018-05-21 18:09:06'),
	(54, 455, '0febb52e-885c-4181-b3fb-d5a74cd8863b', 'King', 'Maker5', 'ACTIVE', 'SDLHJHVYKQIE6XL3IXZ5OK7DLKPKQEHEQD267U5HIRMXLFQAYYTEDNLF', 'GDOJRMX5IGTJNY3RCOD7PCLWEHCHZSZRQ6R43BYBBBCPVFXOG4IGHPNT', NULL, '2018-05-21 18:09:30', NULL, '2018-05-21 18:09:30'),
	(1, 456, 'c0a8846a-d5ff-4867-9b39-0a6c649df4e2', 'King', 'Maker6', 'ACTIVE', 'SDGTXE7NFAMS56UE6M3SCL77V55DUBUTRWW2YHNBTVIG3EAC2QHLU6BP', 'GADZO73RTVPCCJR274IQFSYRSQHAWD5FSIINGTT5GYRDBQJF5U7GPBPD', NULL, '2018-05-21 18:11:47', NULL, '2018-05-21 18:11:47'),
	(54, 457, 'c453992c-07ef-486c-903e-a0e2223d3a91', 'King', 'Maker6', 'ACTIVE', 'SDFWUUCWWKX2EGPCTJHXWQ3RYPEOEXMO7T4OGLIJKERHPF5L2JKSAV2B', 'GBQFLCKWYBKUR5G2THKJVQPS56VC7TFI67DZA2V2R4RKRYKKBHWFM36I', NULL, '2018-05-21 18:11:59', NULL, '2018-05-21 18:11:59'),
	(1, 458, '1586f6c2-51df-4f23-babc-a0433eb8d5bb', 'King', 'Maker7', 'ACTIVE', 'SAODBZHPYCPTZFKOUNWX3PSPOOG4JA4NK4OWVCDN2UTTSQM5QQO7HCXV', 'GCRRETACVPEN266VZEJ6QVJGZON4V7KDBBJ7UXPBGNABZ6X4GOZO5E7X', NULL, '2018-05-21 18:13:48', NULL, '2018-05-21 18:13:48'),
	(54, 459, '7ebbc94b-fafa-4dcf-aea2-bf13f7861c48', 'King', 'Maker7', 'ACTIVE', 'SB4ZUAEQ3B7Z4WJ2DA75QD2WE64PNVUDX3K3KH7DTVEDWR62LJXXXLQV', 'GCS7IZRN342UN3H5FSPUD4WXKYYJF3WIFVDMT7S3FHBKCJEF62YGLLIF', NULL, '2018-05-21 18:13:59', NULL, '2018-05-21 18:13:59'),
	(1, 460, '76394e95-e885-44ed-a5ea-3fc90f23ac9e', 'King', 'Maker8', 'ACTIVE', 'SC5V6SUP6BOGCM55MVH34UTJWMVMZW6J6UNT23QLBMKZH4WW2P46ZH4L', 'GDFPA7JZVZCVVPCNDKRTV2U7GKPGTVFR6FEI2G662C362T3BT3AJYPU6', NULL, '2018-05-28 16:37:23', NULL, '2018-05-21 18:15:48'),
	(54, 461, 'b049b837-3bd0-41c2-ab9f-11f1054a35e9', 'King', 'Maker8', 'ACTIVE', 'SD6R6J6KPZRXIZKIYF4CGJERVGWFZ6NTTR7MBFVONX5CUCMLUS6F774P', 'GA5SXZGOIONWLRRM6HVP2XTTOH3EBMAKOGNC4WYM4JB4MNLQPT5XH6GE', NULL, '2018-05-28 16:37:33', NULL, '2018-05-21 18:16:00'),
	(1, 462, 'd138ad0a-738a-4b4d-95a1-7ca0a39d4ba3', 'King', 'Maker9', 'ACTIVE', 'SBOMPPCM76UWJK6GW5PVE4UYYIOU5NOBLBSQL2G5OAQBCMMZAU4WZEQC', 'GCFJFU45SWL5LZLLG3HAHOKJKOPZ7SCORWKZTIU3BLDH3CCDKJGCUKUG', NULL, '2018-05-21 18:17:53', NULL, '2018-05-21 18:17:53'),
	(54, 463, 'e73b266a-efee-4cd6-a221-aae22c5cee59', 'King', 'Maker9', 'ACTIVE', 'SDFA4SVBU3QVTEHW3OEGYO3I7LYWB2LS5ABCKXQINBUOE2MSGJ2OLG5Z', 'GA5RTIAYAGXUBVQSWJAOR776ZQLF7L6OPZOI4JXNO3OPYDCHOVNZCZZH', NULL, '2018-05-21 18:18:05', NULL, '2018-05-21 18:18:05'),
	(1, 464, 'f406a3df-e758-4346-9789-368412c69a8b', 'King', 'Maker10', 'ACTIVE', 'SCWOXH3TWV6E62557EXS4CR4UG7Y5IZNVYNXYMWYNRXL36DZKM5WZFKM', 'GAQFAZUQMU7DVQPKQO5JNYHZE7DZPWGNGFRKEYJBGXAI3XR2IXOCQTRW', NULL, '2018-05-21 18:21:15', NULL, '2018-05-21 18:21:15'),
	(54, 465, '556474de-53e2-47c8-b492-45e2e9a58cbb', 'King', 'Maker10', 'SUSPENDED', 'SDWRDYM42VN4M6L5QLW7GPTU23BV4FH3WTGM3QBKYYHS6PYZ36FD3MMO', 'GDA72KO6G6KQ72LG3LEO2VY7F543ST4RFB6GGL7MD2JZBNCTEC2IQLCY', NULL, '2018-05-21 18:21:25', NULL, '2018-05-21 21:25:58');
/*!40000 ALTER TABLE `client_users` ENABLE KEYS */;

-- Dumping structure for table electra_schema.client_users_agent
CREATE TABLE IF NOT EXISTS `client_users_agent` (
  `client_agent_id` int(11) NOT NULL auto_increment,
  `agent_address` varchar(255) default NULL,
  `business_id` varchar(255) default NULL,
  `business_latitude` varchar(255) default NULL,
  `business_longitude` varchar(255) default NULL,
  `client_id` int(11) default NULL,
  `country_code` varchar(255) default NULL,
  `created_date` datetime NOT NULL,
  `crypto_currencies` varchar(255) default NULL,
  `ekyc` varchar(255) default NULL,
  `fiat_currencies` varchar(255) default NULL,
  `mobile_number` decimal(19,2) default NULL,
  `status` varchar(255) default NULL,
  PRIMARY KEY  (`client_agent_id`)
) ENGINE=InnoDB DEFAULT CHARSET=utf8;

-- Dumping data for table electra_schema.client_users_agent: ~15 rows (approximately)
DELETE FROM `client_users_agent`;
/*!40000 ALTER TABLE `client_users_agent` DISABLE KEYS */;
INSERT INTO `client_users_agent` (`client_agent_id`, `agent_address`, `business_id`, `business_latitude`, `business_longitude`, `client_id`, `country_code`, `created_date`, `crypto_currencies`, `ekyc`, `fiat_currencies`, `mobile_number`, `status`) VALUES
	(58, 'H099, H Block, Sector 63, Noida, Uttar Pradesh 201301, India  India', '12345678901234567890', '28.6266467', '77.3773768', 222, '+91', '2018-04-20 00:04:39', 'BTC, ETH, ', 'APPROVED', 'INR, USD, EUR, SGD, AUD, MYR, IDR, PHP, HKD, GBP, ZAR, ', 8285314693.00, 'ACTIVE'),
	(59, 'A55, Block A, Sector 57, Noida, Uttar Pradesh 201301, India  India', 'BBYDBRURB37934UBRJFN', '28.601121799999998', '77.3532597', 221, '+91', '2018-04-20 01:20:44', 'BTC, ETH, ', 'APPROVED', 'INR, USD, EUR, SGD, AUD, MYR, IDR, PHP, HKD, GBP, ZAR, ', 9897095008.00, 'ACTIVE'),
	(60, '40B jalan trus, Skudai 81300', '78917272626156646444', '1.458631', '103.763543', 319, '+60', '2018-04-25 13:48:54', 'BTC, ', 'PENDING', 'SGD, MYR, ', 127211590.00, 'TERMINATED'),
	(61, 'A55, Block A, Sector 57, Noida, Uttar Pradesh 201301, India  India', 'BBZPG9925GRGRHDBFBBF', 'null', 'null', 321, '+91', '2018-04-24 14:11:05', 'BTC, ETH, ', 'PENDING', 'SGD, AUD, MYR, IDR, PHP, ', 9897095007.00, 'TERMINATED'),
	(62, 'Dadri Main Rd, Sector - 106, Noida, Uttar Pradesh 201304, India  India', 'VIGCIGCIHCOHGOCIGCIG', '28.535628799999998', '77.3911265', 398, '+91', '2018-05-21 14:40:08', '', 'PENDING', 'SGD, AUD, ', 9897095001.00, 'ACTIVE'),
	(63, 'A55, Block A, Sector 57, Noida, Uttar Pradesh 201301, India  India', 'BBGYFJVH358GJCUFUGHU', '28.601688', '77.35419', 30, '+91', '2018-04-27 17:02:08', NULL, 'PENDING', 'INR, USD, EUR, BTC, ETH, SGD, AUD, MYR, IDR, PHP, HKD, GBP, ZAR, ', 9711355293.00, 'ACTIVE'),
	(64, 'jalan Bukit impian 10', 'T123456789OP12345678', '1.557809', '103.6767958', 239, '+65', '2018-04-29 07:29:49', NULL, 'PENDING', 'AUD, MYR, ', 91898769.00, 'ACTIVE'),
	(65, 'Street Number 8, Subhash Nagar, Meerut, Uttar Pradesh 250003, India  India', 'BBXIDBDK838384JFIFNF', '28.980863199999995', '77.71393069999999', 327, '+91', '2018-04-29 18:10:28', '', 'PENDING', 'USD, EUR, BTC, ETH, SGD, AUD, MYR, IDR, ', 9897085274.00, 'TERMINATED'),
	(66, NULL, NULL, NULL, NULL, 346, '+91', '2018-05-19 17:52:42', NULL, 'PENDING', NULL, 9897095989.00, 'ACTIVE'),
	(67, NULL, NULL, NULL, NULL, 347, '+91', '2018-05-19 19:26:28', NULL, 'PENDING', NULL, 9897095988.00, 'ACTIVE'),
	(68, NULL, NULL, NULL, NULL, 349, '+91', '2018-05-19 20:02:37', NULL, 'PENDING', NULL, 9632598859.00, 'ACTIVE'),
	(69, NULL, NULL, NULL, NULL, 351, '+91', '2018-05-19 20:41:02', NULL, 'PENDING', NULL, 9555814841.00, 'ACTIVE'),
	(70, 'noida', 'VXHDBDDNJDBDJDHFHFHH', '28.5355161', '77.3910265', 397, '+91', '2018-05-21 14:22:13', '', 'PENDING', 'EUR, BTC, ETH, SGD, AUD, MYR, ', 9897085285.00, 'ACTIVE'),
	(71, 'Dadri Main Rd, Sector - 106, Noida, Uttar Pradesh 201304, India  India', 'bxhdbdhdbdhdbdudbdbf', '28.535628799999998', '77.3911265', 399, '+91', '2018-05-21 15:04:02', '', 'PENDING', 'ETH, SGD, AUD, ', 9897095002.00, 'ACTIVE'),
	(72, 'Dadri Main Rd, Sector - 106, Noida, Uttar Pradesh 201304, India  India', 'jfudufifufuffuududud', '28.535628799999998', '77.3911265', 400, '+91', '2018-05-21 15:21:08', '', 'PENDING', 'INR, USD, EUR, BTC, ETH, SGD, AUD, MYR, IDR, PHP, HKD, GBP, ZAR, ', 9555814870.00, 'ACTIVE');
/*!40000 ALTER TABLE `client_users_agent` ENABLE KEYS */;

-- Dumping structure for table electra_schema.client_user_token
CREATE TABLE IF NOT EXISTS `client_user_token` (
  `client_user_token_id` int(11) NOT NULL auto_increment,
  `client_id` int(11) default NULL,
  `user_id` int(11) NOT NULL,
  `token_id` int(11) NOT NULL,
  `is_trustline_created` tinyint(1) NOT NULL default '0',
  `status` enum('ACTIVE') default NULL,
  `created_by` int(11) default NULL,
  `created_date` timestamp NOT NULL default CURRENT_TIMESTAMP on update CURRENT_TIMESTAMP,
  `modified_by` int(11) default NULL,
  `modified_date` timestamp NOT NULL default '0000-00-00 00:00:00',
  PRIMARY KEY  (`client_user_token_id`),
  KEY `FKocj4xpdqugha7pdti5p3p7oes` (`token_id`),
  CONSTRAINT `FKocj4xpdqugha7pdti5p3p7oes` FOREIGN KEY (`token_id`) REFERENCES `client_asset_tokens` (`token_id`)
) ENGINE=InnoDB DEFAULT CHARSET=utf8;

-- Dumping data for table electra_schema.client_user_token: ~25 rows (approximately)
DELETE FROM `client_user_token`;
/*!40000 ALTER TABLE `client_user_token` DISABLE KEYS */;
INSERT INTO `client_user_token` (`client_user_token_id`, `client_id`, `user_id`, `token_id`, `is_trustline_created`, `status`, `created_by`, `created_date`, `modified_by`, `modified_date`) VALUES
	(14, 1, 24, 1, 1, 'ACTIVE', 1, '2018-01-12 13:37:05', NULL, '2018-01-12 13:37:05'),
	(15, 1, 23, 1, 1, 'ACTIVE', 1, '2018-01-12 13:38:28', NULL, '2018-01-12 13:38:28'),
	(21, 1, 31, 1, 1, 'ACTIVE', 1, '2018-03-08 14:33:36', NULL, '2018-03-08 14:33:36'),
	(22, 1, 32, 1, 1, 'ACTIVE', 1, '2018-03-08 16:28:44', NULL, '2018-03-08 16:28:44'),
	(23, 1, 33, 1, 1, 'ACTIVE', 1, '2018-03-08 19:05:32', NULL, '2018-03-08 19:05:32'),
	(24, 1, 34, 1, 1, 'ACTIVE', 1, '2018-03-09 04:56:51', NULL, '2018-03-09 04:56:51'),
	(25, 1, 30, 1, 1, 'ACTIVE', 1, '2018-03-09 10:23:19', NULL, '2018-03-09 10:23:19'),
	(38, 1, 63, 1, 1, 'ACTIVE', 1, '2018-03-20 14:49:29', NULL, '2018-03-20 14:49:29'),
	(39, 1, 212, 1, 1, 'ACTIVE', 1, '2018-03-26 20:58:18', NULL, '2018-03-26 20:58:18'),
	(42, 1, 213, 1, 1, 'ACTIVE', 1, '2018-03-28 17:38:38', NULL, '2018-03-28 17:38:38'),
	(43, 1, 221, 1, 1, 'ACTIVE', 1, '2018-03-29 20:34:36', NULL, '2018-03-29 20:34:36'),
	(44, 1, 222, 1, 1, 'ACTIVE', 1, '2018-04-04 19:22:42', NULL, '2018-04-04 19:22:42'),
	(45, 1, 227, 1, 1, 'ACTIVE', 1, '2018-04-04 20:59:58', NULL, '2018-04-04 20:59:58'),
	(46, 1, 228, 1, 1, 'ACTIVE', 1, '2018-04-04 21:00:32', NULL, '2018-04-04 21:00:32'),
	(47, 1, 229, 1, 1, 'ACTIVE', 1, '2018-04-04 21:36:21', NULL, '2018-04-04 21:36:21'),
	(51, 1, 239, 1, 1, 'ACTIVE', 1, '2018-04-06 10:33:09', NULL, '2018-04-06 10:33:09'),
	(59, 1, 307, 1, 1, 'ACTIVE', 1, '2018-04-20 04:53:39', NULL, '2018-04-20 04:53:39'),
	(60, 1, 319, 1, 1, 'ACTIVE', 1, '2018-04-23 13:28:54', NULL, '2018-04-23 13:28:54'),
	(61, 1, 320, 1, 1, 'ACTIVE', 1, '2018-04-23 15:07:44', NULL, '2018-04-23 15:07:44'),
	(62, 1, 323, 1, 1, 'ACTIVE', 1, '2018-04-27 22:05:26', NULL, '2018-04-27 22:05:26'),
	(63, 1, 326, 1, 1, 'ACTIVE', 1, '2018-04-29 21:02:17', NULL, '2018-04-29 21:02:17'),
	(64, 1, 327, 1, 1, 'ACTIVE', 1, '2018-04-29 21:10:25', NULL, '2018-04-29 21:10:25'),
	(65, 1, 328, 1, 1, 'ACTIVE', 1, '2018-05-01 10:49:29', NULL, '2018-05-01 10:49:29'),
	(66, 1, 400, 1, 1, 'ACTIVE', 1, '2018-05-21 15:42:16', NULL, '2018-05-21 15:42:16'),
	(67, 1, 401, 1, 1, 'ACTIVE', 1, '2018-05-21 15:53:06', NULL, '2018-05-21 15:53:06');
/*!40000 ALTER TABLE `client_user_token` ENABLE KEYS */;

-- Dumping structure for table electra_schema.country
CREATE TABLE IF NOT EXISTS `country` (
  `country_id` int(11) NOT NULL auto_increment,
  `country_name` varchar(100) NOT NULL,
  `country_dial_code` varchar(10) NOT NULL,
  `iso4217_currency_alphabetic_code` varchar(3) NOT NULL,
  `iso4217_currency_name` varchar(50) NOT NULL,
  `created_date` timestamp NOT NULL default CURRENT_TIMESTAMP on update CURRENT_TIMESTAMP,
  `modified_date` timestamp NOT NULL default '0000-00-00 00:00:00',
  PRIMARY KEY  (`country_id`)
) ENGINE=InnoDB DEFAULT CHARSET=utf8;

-- Dumping data for table electra_schema.country: ~12 rows (approximately)
DELETE FROM `country`;
/*!40000 ALTER TABLE `country` DISABLE KEYS */;
INSERT INTO `country` (`country_id`, `country_name`, `country_dial_code`, `iso4217_currency_alphabetic_code`, `iso4217_currency_name`, `created_date`, `modified_date`) VALUES
	(1, 'Singapore', '+65', 'SGD', 'Singapore Dollar', '2017-07-22 16:16:30', '2017-07-22 16:16:30'),
	(2, 'India', '+91', 'INR', 'Indian Rupee', '2017-08-17 19:52:36', '2017-08-17 19:52:36'),
	(3, 'Thailand', '+66', 'THB', 'Thai baht', '2017-08-25 14:43:11', '2017-08-25 14:43:11'),
	(4, 'Australia', '+61', 'AUD', 'Australian dollar', '2017-08-25 16:34:32', '2017-08-25 16:34:32'),
	(5, 'USA', '+1', 'USD', 'US dollar', '2017-08-25 16:35:11', '2017-08-25 16:35:11'),
	(6, 'Belgium', '+32', 'EUR', 'Euro', '2017-08-25 16:36:34', '2017-08-25 16:36:34'),
	(7, 'Malaysia', '+60', 'MYR', 'Malaysian Ringgit', '2017-09-15 13:00:07', '2017-09-15 13:00:07'),
	(8, 'Indonesia', '+62', 'IDR', 'Indonesian Rupiah', '2017-09-18 09:21:37', '2017-09-18 09:21:37'),
	(9, 'Philippines', '+63', 'PHP', 'Philippine peso', '2017-09-18 09:22:29', '2017-09-18 09:22:29'),
	(10, 'Hong Kong', '+852', 'HKD', 'Hong Kong Dollar', '2017-10-09 10:28:28', '2017-10-09 10:28:28'),
	(11, 'United Kingdom', '+44', 'GBP', 'British Pound', '2017-11-07 21:36:00', '2017-11-07 21:36:00'),
	(12, 'South Africa', '+27', 'ZAR', 'South African Rand', '2018-02-02 14:38:50', '2018-02-02 14:38:50');
/*!40000 ALTER TABLE `country` ENABLE KEYS */;

-- Dumping structure for table electra_schema.exchange
CREATE TABLE IF NOT EXISTS `exchange` (
  `exchange_id` int(11) NOT NULL auto_increment,
  `exchange_rate` varchar(50) NOT NULL,
  `exchange_token` varchar(50) NOT NULL,
  `native_currency` varchar(50) NOT NULL,
  `transfer_fee` varchar(50) NOT NULL,
  `is_cryptocurrency` bit(1) NOT NULL,
  PRIMARY KEY  (`exchange_id`)
) ENGINE=InnoDB DEFAULT CHARSET=utf8;

-- Dumping data for table electra_schema.exchange: ~16 rows (approximately)
DELETE FROM `exchange`;
/*!40000 ALTER TABLE `exchange` DISABLE KEYS */;
INSERT INTO `exchange` (`exchange_id`, `exchange_rate`, `exchange_token`, `native_currency`, `transfer_fee`, `is_cryptocurrency`) VALUES
	(1, '1.5', 'INR', 'USD', '0.01', b'0'),
	(2, '4.5', 'INR', 'SGD', '0.01', b'0'),
	(3, '3.5', 'INR', 'BTC', '0.01', b'1'),
	(4, '3.5', 'INR', 'INR', '0.01', b'0'),
	(5, '3.5', 'USD', 'INR', '0.01', b'0'),
	(14, '3.5', 'USD', 'SGD', '0.01', b'0'),
	(15, '3.5', 'USD', 'BTC', '0.01', b'1'),
	(16, '3.5', 'USD', 'USD', '0.01', b'0'),
	(17, '3.5', 'SGD', 'INR', '0.01', b'0'),
	(18, '3.5', 'SGD', 'USD', '0.01', b'0'),
	(19, '3.5', 'SGD', 'BTC', '0.01', b'1'),
	(20, '3.5', 'SGD', 'SGD', '0.01', b'0'),
	(21, '3.5', 'BTC', 'INR', '0.01', b'1'),
	(22, '3.5', 'BTC', 'USD', '0.01', b'1'),
	(23, '3.5', 'BTC', 'SGD', '0.50', b'0'),
	(24, '3.5', 'BTC', 'BTC', '0.01', b'1');
/*!40000 ALTER TABLE `exchange` ENABLE KEYS */;

-- Dumping structure for table electra_schema.oauth_access_token
CREATE TABLE IF NOT EXISTS `oauth_access_token` (
  `token_id` varchar(256) default NULL,
  `token` blob,
  `authentication_id` varchar(256) default NULL,
  `user_name` varchar(256) default NULL,
  `client_id` varchar(256) default NULL,
  `authentication` blob,
  `refresh_token` varchar(256) default NULL
) ENGINE=InnoDB DEFAULT CHARSET=latin1;

-- Dumping data for table electra_schema.oauth_access_token: ~1 rows (approximately)
DELETE FROM `oauth_access_token`;
/*!40000 ALTER TABLE `oauth_access_token` DISABLE KEYS */;
INSERT INTO `oauth_access_token` (`token_id`, `token`, `authentication_id`, `user_name`, `client_id`, `authentication`, `refresh_token`) VALUES
	('4a0dfbf9ffefb8573c6113740f044ef6', _binary 0xACED0005737200436F72672E737072696E676672616D65776F726B2E73656375726974792E6F61757468322E636F6D6D6F6E2E44656661756C744F4175746832416363657373546F6B656E0CB29E361B24FACE0200064C00156164646974696F6E616C496E666F726D6174696F6E74000F4C6A6176612F7574696C2F4D61703B4C000A65787069726174696F6E7400104C6A6176612F7574696C2F446174653B4C000C72656672657368546F6B656E74003F4C6F72672F737072696E676672616D65776F726B2F73656375726974792F6F61757468322F636F6D6D6F6E2F4F417574683252656672657368546F6B656E3B4C000573636F706574000F4C6A6176612F7574696C2F5365743B4C0009746F6B656E547970657400124C6A6176612F6C616E672F537472696E673B4C000576616C756571007E000578707372001E6A6176612E7574696C2E436F6C6C656374696F6E7324456D7074794D6170593614855ADCE7D002000078707372000E6A6176612E7574696C2E44617465686A81014B59741903000078707708000001A91796D9117870737200256A6176612E7574696C2E436F6C6C656374696F6E7324556E6D6F6469666961626C65536574801D92D18F9B80550200007872002C6A6176612E7574696C2E436F6C6C656374696F6E7324556E6D6F6469666961626C65436F6C6C656374696F6E19420080CB5EF71E0200014C0001637400164C6A6176612F7574696C2F436F6C6C656374696F6E3B7870737200176A6176612E7574696C2E4C696E6B656448617368536574D86CD75A95DD2A1E020000787200116A6176612E7574696C2E48617368536574BA44859596B8B7340300007870770C000000043F40000000000003740005747275737474000520726561647400062077726974657874000662656172657274002434393664653261352D313566312D343530392D623232622D653937616530386530323337, '2275e102d657601b834a4c33e9906b4e', NULL, 'electra', _binary 0xACED0005737200416F72672E737072696E676672616D65776F726B2E73656375726974792E6F61757468322E70726F76696465722E4F417574683241757468656E7469636174696F6EBD400B02166252130200024C000D73746F7265645265717565737474003C4C6F72672F737072696E676672616D65776F726B2F73656375726974792F6F61757468322F70726F76696465722F4F4175746832526571756573743B4C00127573657241757468656E7469636174696F6E7400324C6F72672F737072696E676672616D65776F726B2F73656375726974792F636F72652F41757468656E7469636174696F6E3B787200476F72672E737072696E676672616D65776F726B2E73656375726974792E61757468656E7469636174696F6E2E416273747261637441757468656E7469636174696F6E546F6B656ED3AA287E6E47640E0200035A000D61757468656E746963617465644C000B617574686F7269746965737400164C6A6176612F7574696C2F436F6C6C656374696F6E3B4C000764657461696C737400124C6A6176612F6C616E672F4F626A6563743B787000737200266A6176612E7574696C2E436F6C6C656374696F6E7324556E6D6F6469666961626C654C697374FC0F2531B5EC8E100200014C00046C6973747400104C6A6176612F7574696C2F4C6973743B7872002C6A6176612E7574696C2E436F6C6C656374696F6E7324556E6D6F6469666961626C65436F6C6C656374696F6E19420080CB5EF71E0200014C00016371007E00047870737200136A6176612E7574696C2E41727261794C6973747881D21D99C7619D03000149000473697A65787000000001770400000001737200426F72672E737072696E676672616D65776F726B2E73656375726974792E636F72652E617574686F726974792E53696D706C654772616E746564417574686F7269747900000000000001A40200014C0004726F6C657400124C6A6176612F6C616E672F537472696E673B7870740004555345527871007E000C707372003A6F72672E737072696E676672616D65776F726B2E73656375726974792E6F61757468322E70726F76696465722E4F41757468325265717565737400000000000000010200075A0008617070726F7665644C000B617574686F72697469657371007E00044C000A657874656E73696F6E7374000F4C6A6176612F7574696C2F4D61703B4C000B726564697265637455726971007E000E4C00077265667265736874003B4C6F72672F737072696E676672616D65776F726B2F73656375726974792F6F61757468322F70726F76696465722F546F6B656E526571756573743B4C000B7265736F7572636549647374000F4C6A6176612F7574696C2F5365743B4C000D726573706F6E7365547970657371007E0014787200386F72672E737072696E676672616D65776F726B2E73656375726974792E6F61757468322E70726F76696465722E426173655265717565737436287A3EA37169BD0200034C0008636C69656E74496471007E000E4C001172657175657374506172616D657465727371007E00124C000573636F706571007E00147870740007656C6563747261737200256A6176612E7574696C2E436F6C6C656374696F6E7324556E6D6F6469666961626C654D6170F1A5A8FE74F507420200014C00016D71007E00127870737200116A6176612E7574696C2E486173684D61700507DAC1C31660D103000246000A6C6F6164466163746F724900097468726573686F6C6478703F400000000000017708000000020000000174000A6772616E745F74797065740012636C69656E745F63726564656E7469616C7378737200256A6176612E7574696C2E436F6C6C656374696F6E7324556E6D6F6469666961626C65536574801D92D18F9B80550200007871007E0009737200176A6176612E7574696C2E4C696E6B656448617368536574D86CD75A95DD2A1E020000787200116A6176612E7574696C2E48617368536574BA44859596B8B7340300007870770C000000103F400000000000037400057472757374740005207265616474000620777269746578017371007E0021770C000000103F4000000000000171007E000F787371007E001A3F40000000000000770800000010000000007870707371007E0021770C000000103F4000000000000174000C73656E647852657374415049787371007E0021770C000000103F400000000000007870, NULL);
/*!40000 ALTER TABLE `oauth_access_token` ENABLE KEYS */;

-- Dumping structure for table electra_schema.oauth_refresh_token
CREATE TABLE IF NOT EXISTS `oauth_refresh_token` (
  `token_id` varchar(256) default NULL,
  `token` blob,
  `authentication` blob
) ENGINE=InnoDB DEFAULT CHARSET=latin1;

-- Dumping data for table electra_schema.oauth_refresh_token: ~0 rows (approximately)
DELETE FROM `oauth_refresh_token`;
/*!40000 ALTER TABLE `oauth_refresh_token` DISABLE KEYS */;
/*!40000 ALTER TABLE `oauth_refresh_token` ENABLE KEYS */;

-- Dumping structure for table electra_schema.product
CREATE TABLE IF NOT EXISTS `product` (
  `product_id` int(11) NOT NULL auto_increment,
  `audit_logon_id` varchar(255) default NULL,
  `client_id` int(11) NOT NULL,
  `created_date` datetime NOT NULL,
  `expiry_date` datetime default NULL,
  `manufacturing_date` datetime default NULL,
  `modified_date` datetime NOT NULL,
  `product_code` varchar(255) NOT NULL,
  `product_description` varchar(255) default NULL,
  `product_image_name` varchar(255) default NULL,
  `product_image_url` varchar(255) default NULL,
  `product_name` varchar(255) NOT NULL,
  `product_sku` varchar(255) default NULL,
  `qty` double NOT NULL,
  `rate` double NOT NULL,
  `unit` varchar(255) NOT NULL,
  `unit_range` varchar(255) default NULL,
  PRIMARY KEY  (`product_id`)
) ENGINE=InnoDB DEFAULT CHARSET=latin1;

-- Dumping data for table electra_schema.product: ~3 rows (approximately)
DELETE FROM `product`;
/*!40000 ALTER TABLE `product` DISABLE KEYS */;
INSERT INTO `product` (`product_id`, `audit_logon_id`, `client_id`, `created_date`, `expiry_date`, `manufacturing_date`, `modified_date`, `product_code`, `product_description`, `product_image_name`, `product_image_url`, `product_name`, `product_sku`, `qty`, `rate`, `unit`, `unit_range`) VALUES
	(1, NULL, 1, '2018-05-25 12:18:38', '2018-05-26 12:18:41', '2018-05-25 12:18:46', '2018-05-25 12:18:49', 'P123', 'Apple', NULL, NULL, 'Apple', NULL, 35, 10, 'gm', '100'),
	(2, NULL, 54, '2018-05-25 12:20:38', '2018-05-26 12:20:33', '2018-05-25 12:20:30', '2018-05-25 12:20:27', 'P124', 'Mango', NULL, NULL, 'Mango', NULL, -11, 20, 'gm', '500'),
	(3, NULL, 54, '2018-05-25 12:37:21', '2018-05-25 12:37:14', '2018-05-25 12:37:12', '2018-05-25 12:37:08', 'P125', 'Banana', NULL, NULL, 'Banana', NULL, -46, 5, 'gm', '100');
/*!40000 ALTER TABLE `product` ENABLE KEYS */;

-- Dumping structure for table electra_schema.product_group
CREATE TABLE IF NOT EXISTS `product_group` (
  `group_id` int(11) NOT NULL auto_increment,
  `audit_logon_id` varchar(255) default NULL,
  `created_date` datetime NOT NULL,
  `modified_date` datetime NOT NULL,
  `product_group_description` varchar(255) NOT NULL,
  `product_group_name` varchar(255) NOT NULL,
  PRIMARY KEY  (`group_id`)
) ENGINE=InnoDB DEFAULT CHARSET=latin1;

-- Dumping data for table electra_schema.product_group: ~0 rows (approximately)
DELETE FROM `product_group`;
/*!40000 ALTER TABLE `product_group` DISABLE KEYS */;
/*!40000 ALTER TABLE `product_group` ENABLE KEYS */;

-- Dumping structure for table electra_schema.product_group_relation
CREATE TABLE IF NOT EXISTS `product_group_relation` (
  `relation_id` int(11) NOT NULL auto_increment,
  `audit_logon_id` varchar(255) default NULL,
  `created_date` datetime NOT NULL,
  `group_id` int(11) NOT NULL,
  `modified_date` datetime NOT NULL,
  `product_id` int(11) NOT NULL,
  PRIMARY KEY  (`relation_id`)
) ENGINE=InnoDB DEFAULT CHARSET=latin1;

-- Dumping data for table electra_schema.product_group_relation: ~0 rows (approximately)
DELETE FROM `product_group_relation`;
/*!40000 ALTER TABLE `product_group_relation` DISABLE KEYS */;
/*!40000 ALTER TABLE `product_group_relation` ENABLE KEYS */;

-- Dumping structure for table electra_schema.product_purchase_history
CREATE TABLE IF NOT EXISTS `product_purchase_history` (
  `purchase_id` int(11) NOT NULL auto_increment,
  `is_client` bit(1) NOT NULL,
  `product_id` int(11) NOT NULL,
  `purchase_date` datetime NOT NULL,
  `purchaser_id` int(11) NOT NULL,
  `qty` double NOT NULL,
  `total_price` double NOT NULL,
  PRIMARY KEY  (`purchase_id`)
) ENGINE=InnoDB DEFAULT CHARSET=latin1;

-- Dumping data for table electra_schema.product_purchase_history: ~38 rows (approximately)
DELETE FROM `product_purchase_history`;
/*!40000 ALTER TABLE `product_purchase_history` DISABLE KEYS */;
INSERT INTO `product_purchase_history` (`purchase_id`, `is_client`, `product_id`, `purchase_date`, `purchaser_id`, `qty`, `total_price`) VALUES
	(1, b'0', 2, '2018-05-28 18:31:28', 30, 3, 300),
	(2, b'0', 3, '2018-05-28 18:31:28', 30, 6, 30),
	(3, b'0', 2, '2018-05-30 09:40:47', 30, 3, 1),
	(4, b'0', 3, '2018-05-30 09:40:47', 30, 6, 1),
	(5, b'0', 2, '2018-05-30 09:40:47', 30, 3, 1),
	(6, b'0', 3, '2018-05-30 09:40:48', 30, 6, 1),
	(7, b'0', 2, '2018-05-30 09:44:07', 30, 3, 1),
	(8, b'0', 3, '2018-05-30 09:44:07', 30, 6, 1),
	(9, b'0', 2, '2018-05-30 09:46:37', 30, 3, 1),
	(10, b'0', 3, '2018-05-30 09:46:37', 30, 6, 1),
	(11, b'0', 2, '2018-05-30 09:49:18', 30, 3, 1),
	(12, b'0', 3, '2018-05-30 09:49:18', 30, 6, 1),
	(13, b'0', 2, '2018-05-31 13:21:21', 30, 3, 1),
	(14, b'0', 3, '2018-05-31 13:21:21', 30, 6, 1),
	(15, b'0', 2, '2018-05-31 13:22:56', 30, 3, 1),
	(16, b'0', 3, '2018-05-31 13:22:56', 30, 6, 1),
	(17, b'0', 2, '2018-06-01 15:16:02', 30, 3, 1),
	(18, b'0', 3, '2018-06-01 15:16:03', 30, 6, 1),
	(19, b'0', 2, '2018-06-01 15:16:03', 30, 3, 1),
	(20, b'0', 2, '2018-06-01 15:16:03', 30, 3, 1),
	(21, b'0', 2, '2018-06-01 15:16:03', 30, 3, 1),
	(22, b'0', 3, '2018-06-01 15:16:03', 30, 6, 1),
	(23, b'0', 3, '2018-06-01 15:16:03', 30, 6, 1),
	(24, b'0', 3, '2018-06-01 15:16:03', 30, 6, 1),
	(25, b'0', 2, '2018-06-01 15:16:43', 30, 3, 1),
	(26, b'0', 3, '2018-06-01 15:16:43', 30, 6, 1),
	(27, b'0', 2, '2018-06-01 15:18:37', 30, 3, 1),
	(28, b'0', 3, '2018-06-01 15:18:37', 30, 6, 1),
	(29, b'0', 2, '2018-06-01 15:21:23', 30, 3, 1),
	(30, b'0', 3, '2018-06-01 15:21:23', 30, 6, 1),
	(31, b'0', 2, '2018-06-01 15:26:13', 30, 3, 1),
	(32, b'0', 3, '2018-06-01 15:26:13', 30, 6, 1),
	(33, b'0', 2, '2018-06-01 15:28:43', 30, 3, 1),
	(34, b'0', 3, '2018-06-01 15:28:43', 30, 6, 1),
	(35, b'0', 2, '2018-06-01 17:22:12', 30, 3, 1),
	(36, b'0', 3, '2018-06-01 17:22:12', 30, 6, 1),
	(37, b'0', 2, '2018-06-01 17:23:02', 30, 3, 1),
	(38, b'0', 3, '2018-06-01 17:23:02', 30, 6, 1);
/*!40000 ALTER TABLE `product_purchase_history` ENABLE KEYS */;

-- Dumping structure for table electra_schema.profile
CREATE TABLE IF NOT EXISTS `profile` (
  `profile_id` int(11) NOT NULL auto_increment,
  `account_id` int(11) NOT NULL,
  `first_name` varchar(50) NOT NULL,
  `middle_name` varchar(50) default NULL,
  `last_name` varchar(50) NOT NULL,
  `mobile_number` bigint(11) NOT NULL,
  `email_address` varchar(50) default NULL,
  `secondary_contact_number` bigint(20) default NULL,
  `country_id` int(11) NOT NULL,
  `contact_address` varchar(200) default NULL,
  `nric_passport_number` varchar(50) default NULL,
  `kyc_id_title` varchar(100) default NULL,
  `kyc_id_front` blob,
  `kyc_id_back` blob,
  `created_date` timestamp NULL default NULL,
  `modified_date` timestamp NULL default NULL,
  PRIMARY KEY  (`profile_id`),
  KEY `profile_country_rel` (`country_id`),
  KEY `profile_account_rel` (`account_id`),
  CONSTRAINT `FKhqg8jmf9x3o7b32adphres2ug` FOREIGN KEY (`country_id`) REFERENCES `country` (`country_id`),
  CONSTRAINT `FKlc4oipegt3vyph78q31itt3pf` FOREIGN KEY (`account_id`) REFERENCES `account` (`account_id`),
  CONSTRAINT `profile_account_rel` FOREIGN KEY (`account_id`) REFERENCES `account` (`account_id`),
  CONSTRAINT `profile_country_rel` FOREIGN KEY (`country_id`) REFERENCES `country` (`country_id`)
) ENGINE=InnoDB DEFAULT CHARSET=utf8;

-- Dumping data for table electra_schema.profile: ~20 rows (approximately)
DELETE FROM `profile`;
/*!40000 ALTER TABLE `profile` DISABLE KEYS */;
INSERT INTO `profile` (`profile_id`, `account_id`, `first_name`, `middle_name`, `last_name`, `mobile_number`, `email_address`, `secondary_contact_number`, `country_id`, `contact_address`, `nric_passport_number`, `kyc_id_title`, `kyc_id_front`, `kyc_id_back`, `created_date`, `modified_date`) VALUES
	(20, 182, 'Tan', NULL, 'Richard', 1120001199, 'rictanck@gmail.com', NULL, 7, NULL, NULL, NULL, NULL, NULL, '2018-01-12 13:32:19', '2018-01-12 13:32:19'),
	(21, 183, 'Alan', NULL, 'Chiu', 97762380, 'alanchiuyk@gmail.com', NULL, 1, NULL, NULL, NULL, NULL, NULL, '2018-01-12 13:34:47', '2018-01-12 13:34:47'),
	(27, 189, 'Nitin Malik', NULL, 'Malik', 9711355293, 'nitin.malik@hotmail.com', NULL, 2, 'India', NULL, NULL, NULL, NULL, '2018-03-08 14:29:19', '2018-03-08 14:29:19'),
	(28, 190, 'Kaustuv', NULL, 'Ghosh', 92353702, 'kaustuvghosh1972@gmail.com', NULL, 1, NULL, NULL, NULL, NULL, NULL, '2018-03-08 14:32:34', '2018-03-08 14:32:34'),
	(29, 191, 'James Bond erwin', NULL, 'Sendx Me yes', 146188898, 'tinwee25@gmail.com', NULL, 7, 'Malaysia', NULL, NULL, NULL, NULL, '2018-03-08 14:34:04', '2018-03-08 14:34:04'),
	(30, 192, 'Arjuna', NULL, 'Sathiaseelan', 7971329880, 'arjuna@ammbrtech.com', NULL, 11, NULL, NULL, NULL, NULL, NULL, '2018-03-08 19:05:28', '2018-03-08 19:05:28'),
	(31, 193, 'Gabriel', NULL, 'Vleisides', 8168968804, 'gabrielv777@gmail.com', NULL, 5, NULL, NULL, NULL, NULL, NULL, '2018-03-09 04:56:45', '2018-03-09 04:56:45'),
	(39, 201, 'Tan', NULL, 'Ric', 193281199, 'rictanck@gmail.com', NULL, 7, NULL, NULL, NULL, NULL, NULL, '2018-03-16 20:43:16', '2018-03-16 20:43:16'),
	(40, 202, 'Theo', NULL, 'Gane', 5127435140, 'ted@gane.io', NULL, 5, 'USA', NULL, NULL, NULL, NULL, '2018-03-17 00:19:08', '2018-03-17 00:19:08'),
	(41, 203, 'Tom', NULL, 'Fifelski', 2694911872, 'tom.fifelski@simplytapp.com', NULL, 5, NULL, NULL, NULL, NULL, NULL, '2018-03-17 20:13:00', '2018-03-17 20:13:00'),
	(47, 209, 'Sandeep', NULL, 'Golechha', 7968533583, 'sgolechha1@gmail.com', NULL, 11, NULL, NULL, NULL, NULL, NULL, '2018-03-20 14:49:24', '2018-03-20 14:49:24'),
	(196, 358, 'Mark', NULL, 'Kahts', 768925776, 'mark.kahts@gmail.com', NULL, 12, NULL, NULL, NULL, NULL, NULL, '2018-03-26 20:58:12', '2018-03-26 20:58:12'),
	(197, 359, 'Derick', NULL, 'Smith', 491879068, 'derick@ammbrtech.com', NULL, 6, NULL, NULL, NULL, NULL, NULL, '2018-03-28 17:38:32', '2018-03-28 17:38:32'),
	(205, 367, 'Abhinav', NULL, 'Garg', 9897095008, 'abhinavgarg3@yopmail.com', NULL, 2, 'India', NULL, NULL, NULL, NULL, '2018-03-29 20:34:32', '2018-03-29 20:34:32'),
	(206, 368, 'Arnav', NULL, 'Jain', 8285314693, 'Arnav@yopmail.com', NULL, 2, 'India', NULL, NULL, NULL, NULL, '2018-04-20 05:34:30', '2018-04-20 05:34:30'),
	(223, 385, 'Tin Tin ', NULL, 'Wee Wee', 91898769, 'chen_dingwei@hotmail.com', NULL, 1, NULL, NULL, NULL, NULL, NULL, '2018-04-06 10:33:06', '2018-04-06 10:33:06'),
	(224, 386, 'Keh How', NULL, 'Lai', 818279577, '2brianlai@gmail.com', NULL, 3, NULL, NULL, NULL, NULL, NULL, '2018-04-11 10:00:24', '2018-04-11 10:00:24'),
	(295, 456, 'Yim Hong ', NULL, 'Kam', 127211590, 'chen_dingwei@hotmail.com', NULL, 7, NULL, NULL, NULL, NULL, NULL, '2018-04-23 13:28:44', '2018-04-23 13:28:44'),
	(296, 457, 'Akash', NULL, 'Garg', 9897095007, 'abc@yopmail.com', NULL, 2, NULL, NULL, NULL, NULL, NULL, '2018-04-24 19:30:55', '2018-04-24 19:30:55'),
	(297, 458, 'Kumar', NULL, 'Sanu', 9897095006, 'sanu@yopmail.com', NULL, 2, NULL, NULL, NULL, NULL, NULL, '2018-04-25 10:23:05', '2018-04-25 10:23:05');
/*!40000 ALTER TABLE `profile` ENABLE KEYS */;

-- Dumping structure for table electra_schema.scheduled_transactions
CREATE TABLE IF NOT EXISTS `scheduled_transactions` (
  `scheduled_transaction_id` int(11) NOT NULL auto_increment,
  `sender_account_id` int(11) NOT NULL,
  `beneficiary_country_id` int(11) default NULL,
  `beneficiary_mobile_number` bigint(20) default NULL,
  `no_of_tokens` varchar(30) NOT NULL,
  `is_cash_out` tinyint(1) default '0',
  `institution_name` varchar(50) default NULL,
  `institution_account_number` varchar(50) default NULL,
  `additional_institution_info` varchar(200) default NULL,
  `created_date` timestamp NOT NULL default CURRENT_TIMESTAMP on update CURRENT_TIMESTAMP,
  `modified_date` timestamp NOT NULL default '0000-00-00 00:00:00',
  PRIMARY KEY  (`scheduled_transaction_id`),
  KEY `FKe0huqfpnymlwr1nlpgu1ijgn3` (`beneficiary_country_id`),
  KEY `FKbn43kgjf1ke4opnjjtrsytdqr` (`sender_account_id`),
  CONSTRAINT `FKbn43kgjf1ke4opnjjtrsytdqr` FOREIGN KEY (`sender_account_id`) REFERENCES `account` (`account_id`),
  CONSTRAINT `FKe0huqfpnymlwr1nlpgu1ijgn3` FOREIGN KEY (`beneficiary_country_id`) REFERENCES `country` (`country_id`)
) ENGINE=InnoDB DEFAULT CHARSET=utf8;

-- Dumping data for table electra_schema.scheduled_transactions: ~26 rows (approximately)
DELETE FROM `scheduled_transactions`;
/*!40000 ALTER TABLE `scheduled_transactions` DISABLE KEYS */;
INSERT INTO `scheduled_transactions` (`scheduled_transaction_id`, `sender_account_id`, `beneficiary_country_id`, `beneficiary_mobile_number`, `no_of_tokens`, `is_cash_out`, `institution_name`, `institution_account_number`, `additional_institution_info`, `created_date`, `modified_date`) VALUES
	(21, 190, 6, 491879068, '50.0', 0, NULL, NULL, NULL, '2018-03-08 14:52:26', '2018-03-08 14:52:26'),
	(28, 190, 6, 491879068, '50.0', 0, NULL, NULL, NULL, '2018-03-08 18:26:52', '2018-03-08 18:26:52'),
	(29, 190, 2, 8800996027, '20.0', 0, NULL, NULL, NULL, '2018-03-08 18:43:15', '2018-03-08 18:43:15'),
	(31, 190, 11, 7849000205, '20.0', 0, NULL, NULL, NULL, '2018-03-08 20:41:43', '2018-03-08 20:41:43'),
	(34, 190, 2, 9830234435, '20.0', 0, NULL, NULL, NULL, '2018-03-09 05:47:02', '2018-03-09 05:47:02'),
	(37, 189, 1, 69565236, '10.96', 0, NULL, NULL, NULL, '2018-03-09 12:52:09', '2018-03-09 12:52:09'),
	(38, 190, 11, 7849000205, '20.0', 0, NULL, NULL, NULL, '2018-03-09 18:47:36', '2018-03-09 18:47:36'),
	(49, 189, 2, 9990732495, '5.0', 0, NULL, NULL, NULL, '2018-03-14 02:48:53', '2018-03-14 02:48:53'),
	(50, 189, 2, 9990732495, '10.0', 0, NULL, NULL, NULL, '2018-03-14 02:53:50', '2018-03-14 02:53:50'),
	(51, 189, 2, 8700341853, '20.0', 0, NULL, NULL, NULL, '2018-03-14 02:55:23', '2018-03-14 02:55:23'),
	(56, 190, 6, 491879068, '20.0', 0, NULL, NULL, NULL, '2018-03-14 22:14:04', '2018-03-14 22:14:04'),
	(64, 202, 5, 4088389072, '2.0', 0, NULL, NULL, NULL, '2018-03-17 07:58:11', '2018-03-17 07:58:11'),
	(66, 202, 5, 2694911872, '1.0', 0, NULL, NULL, NULL, '2018-03-17 19:01:21', '2018-03-17 19:01:21'),
	(67, 190, 11, 7787277097, '20.0', 0, NULL, NULL, NULL, '2018-03-18 11:34:39', '2018-03-18 11:34:39'),
	(77, 189, 2, 9897095008, '1.0', 0, NULL, NULL, NULL, '2018-03-29 20:34:36', '2018-03-29 20:34:36'),
	(78, 367, NULL, NULL, '1.00', 1, 'HSBC Holdings (HSBC)', '242424276857', NULL, '2018-03-29 21:04:40', '2018-03-29 21:04:40'),
	(79, 189, 2, 9555814897, '1.0', 0, NULL, NULL, NULL, '2018-04-04 20:56:07', '2018-04-04 20:56:07'),
	(81, 367, 2, 9540077277, '0.99', 0, NULL, NULL, NULL, '2018-04-05 12:16:18', '2018-04-05 12:16:18'),
	(83, 367, 2, 9548950904, '0.99', 0, NULL, NULL, NULL, '2018-04-05 12:35:13', '2018-04-05 12:35:13'),
	(84, 367, NULL, NULL, '1.00', 1, 'HSBC Holdings (HSBC)', '123456789636', NULL, '2018-04-11 15:32:34', '2018-04-11 15:32:34'),
	(85, 367, NULL, NULL, '1.00', 1, 'Bank of China', '123456789000', NULL, '2018-04-11 15:33:15', '2018-04-11 15:33:15'),
	(93, 368, NULL, NULL, '1.00', 1, 'Bank of China', '789456321222', NULL, '2018-04-19 07:56:03', '2018-04-19 07:56:03'),
	(95, 368, NULL, NULL, '1.00', 1, 'HSBC Holdings (HSBC)', '145454646464', NULL, '2018-04-20 05:17:48', '2018-04-20 05:17:48'),
	(96, 367, 2, 8750857419, '9.9', 0, NULL, NULL, NULL, '2018-04-20 06:46:50', '2018-04-20 06:46:50'),
	(97, 367, NULL, NULL, '11.00', 1, 'HSBC Holdings (HSBC)', '986595689898', NULL, '2018-04-20 06:47:58', '2018-04-20 06:47:58'),
	(98, 367, NULL, NULL, '1.00', 1, 'HSBC Holdings (HSBC)', '976798689865', NULL, '2018-04-20 06:48:43', '2018-04-20 06:48:43');
/*!40000 ALTER TABLE `scheduled_transactions` ENABLE KEYS */;

-- Dumping structure for table electra_schema.stellar_account
CREATE TABLE IF NOT EXISTS `stellar_account` (
  `stellar_account_id` int(11) NOT NULL auto_increment,
  `account_id` int(11) NOT NULL,
  `federated_address` varchar(200) default NULL,
  `secret_key` varchar(200) NOT NULL,
  `public_key` varchar(200) NOT NULL,
  `created_date` timestamp NOT NULL default CURRENT_TIMESTAMP on update CURRENT_TIMESTAMP,
  `modified_date` timestamp NOT NULL default '0000-00-00 00:00:00',
  PRIMARY KEY  (`stellar_account_id`),
  KEY `stellar_sendx_account_rel` (`account_id`),
  CONSTRAINT `FK5hj0yw91t7lv4ynyvsq8jmr92` FOREIGN KEY (`account_id`) REFERENCES `account` (`account_id`),
  CONSTRAINT `stellar_sendx_account_rel` FOREIGN KEY (`account_id`) REFERENCES `account` (`account_id`)
) ENGINE=InnoDB DEFAULT CHARSET=utf8;

-- Dumping data for table electra_schema.stellar_account: ~0 rows (approximately)
DELETE FROM `stellar_account`;
/*!40000 ALTER TABLE `stellar_account` DISABLE KEYS */;
/*!40000 ALTER TABLE `stellar_account` ENABLE KEYS */;

-- Dumping structure for table electra_schema.subscription_plan
CREATE TABLE IF NOT EXISTS `subscription_plan` (
  `subscription_id` int(11) NOT NULL auto_increment,
  `plan_title` varchar(50) NOT NULL,
  `supported_users` int(11) NOT NULL,
  `token` double NOT NULL,
  `validity` varchar(50) NOT NULL,
  PRIMARY KEY  (`subscription_id`)
) ENGINE=InnoDB DEFAULT CHARSET=latin1;

-- Dumping data for table electra_schema.subscription_plan: ~3 rows (approximately)
DELETE FROM `subscription_plan`;
/*!40000 ALTER TABLE `subscription_plan` DISABLE KEYS */;
INSERT INTO `subscription_plan` (`subscription_id`, `plan_title`, `supported_users`, `token`, `validity`) VALUES
	(1, 'Pioneer', 10, 100, '1'),
	(2, 'Standard', 50, 300, '1'),
	(3, 'Corporate', 200, 1000, '1');
/*!40000 ALTER TABLE `subscription_plan` ENABLE KEYS */;

-- Dumping structure for table electra_schema.topup_transactions
CREATE TABLE IF NOT EXISTS `topup_transactions` (
  `topup_transaction_id` int(11) NOT NULL auto_increment,
  `beneficiary_mobile_number` bigint(20) default NULL,
  `beneficiary_country_dial_code` varchar(5) default NULL,
  `no_of_tokens` varchar(20) NOT NULL,
  `payment_type` varchar(50) default NULL COMMENT 'Agent,Credit/Debit, Account Transfer',
  `payment_platform` varchar(50) default NULL COMMENT 'paypal',
  `payment_reference_number` varchar(50) default NULL,
  `transaction_message` varchar(500) default NULL,
  `additional_payment_info` varchar(500) default NULL,
  `is_transaction_success` tinyint(4) NOT NULL default '1',
  `transaction_date` timestamp NOT NULL default CURRENT_TIMESTAMP on update CURRENT_TIMESTAMP,
  `modified_date` timestamp NOT NULL default '0000-00-00 00:00:00',
  PRIMARY KEY  (`topup_transaction_id`)
) ENGINE=InnoDB DEFAULT CHARSET=utf8;

-- Dumping data for table electra_schema.topup_transactions: ~39 rows (approximately)
DELETE FROM `topup_transactions`;
/*!40000 ALTER TABLE `topup_transactions` DISABLE KEYS */;
INSERT INTO `topup_transactions` (`topup_transaction_id`, `beneficiary_mobile_number`, `beneficiary_country_dial_code`, `no_of_tokens`, `payment_type`, `payment_platform`, `payment_reference_number`, `transaction_message`, `additional_payment_info`, `is_transaction_success`, `transaction_date`, `modified_date`) VALUES
	(10, 92353702, '+65', '20', '', 'PayPal', 'PAY-5EF43034DB5188726LJLW3MY', NULL, NULL, 1, '2018-01-11 19:29:20', '2018-01-11 19:29:20'),
	(11, 97762380, '+65', '1000', '', 'PayPal', 'PAY-2HL83411SK512284JLJMGZIQ', NULL, NULL, 1, '2018-01-12 13:37:05', '2018-01-12 13:37:05'),
	(12, 92353702, '+65', '100', '', 'PayPal', 'PAY-022319171D7126632LJRVX2Y', NULL, NULL, 1, '2018-01-20 20:40:41', '2018-01-20 20:40:41'),
	(13, 9711355293, '+91', '1', '', 'PayPal', 'PAY-1VR77619XG656501BLJ6WDEA', NULL, NULL, 1, '2018-02-09 14:23:45', '2018-02-09 14:23:45'),
	(14, 9711355293, '+91', '10', '', 'PayPal', 'PAY-24760735115842429LJ6WGRY', NULL, NULL, 1, '2018-02-09 14:31:06', '2018-02-09 14:31:06'),
	(24, 92353702, '+65', '500', '', 'PayPal', 'PAY-13604200DW1889158LKQPYXA', NULL, NULL, 1, '2018-03-08 14:33:35', '2018-03-08 14:33:35'),
	(25, 146188898, '+60', '100', '', 'PayPal', 'PAY-10A61758XW599742ULKQROXA', NULL, NULL, 1, '2018-03-08 16:28:44', '2018-03-08 16:28:44'),
	(26, 9711355293, '+91', '100', '', 'PayPal', 'PAY-61P86110YU879151DLKRBGOA', NULL, NULL, 1, '2018-03-09 10:23:19', '2018-03-09 10:23:19'),
	(27, 9711355293, '+91', '20000', '', 'PayPal', 'PAY-81L04003MU100182NLKTB5LQ', NULL, NULL, 1, '2018-03-12 12:01:19', '2018-03-12 12:01:19'),
	(28, 9711355293, '+91', '5000', '', 'PayPal', 'PAY-3TH902314V114062CLKTGDFY', NULL, NULL, 1, '2018-03-12 16:47:05', '2018-03-12 16:47:05'),
	(35, 9711355293, '+91', '25.53', '', 'PayPal', 'PAY-5K512645NR5733436LKT7IRY', NULL, NULL, 1, '2018-03-13 21:24:54', '2018-03-13 21:24:54'),
	(36, 92353702, '+65', '10', '', 'PayPal', 'PAY-36P097316D1137848LKT7TAQ', NULL, NULL, 1, '2018-03-13 21:47:24', '2018-03-13 21:47:24'),
	(38, 146188898, '+60', '500', '', 'PayPal', 'PAY-3UB11864ME3937606LKUHCKI', NULL, NULL, 1, '2018-03-14 06:17:46', '2018-03-14 06:17:46'),
	(41, 97762380, '+65', '100', '', 'PayPal', 'PAY-5C487663HG785480SLKUJ6MI', NULL, NULL, 1, '2018-03-14 09:34:13', '2018-03-14 09:34:13'),
	(42, 9711355293, '+91', '66.36', '', 'PayPal', 'PAY-91P454315J260992XLKULAHA', NULL, NULL, 1, '2018-03-14 10:46:20', '2018-03-14 10:46:20'),
	(44, 146188898, '+60', '10', '', 'PayPal', 'PAY-1D56055260097850MLKV6AEQ', NULL, NULL, 1, '2018-03-16 20:47:46', '2018-03-16 20:47:46'),
	(45, 146188898, '+60', '10', '', 'PayPal', 'PAY-1D56055260097850MLKV6AEQ', NULL, NULL, 1, '2018-03-16 20:47:56', '2018-03-16 20:47:56'),
	(46, 9711355293, '+91', '25.96', '', 'Stripe', 'ch_1C8RhgBDeCR3SjHip3cV2m7v', NULL, NULL, 1, '2018-03-22 17:05:34', '2018-03-22 17:05:34'),
	(47, 9711355293, '+91', '25.65', '', 'Stripe', 'ch_1C8SnEBDeCR3SjHiKT4dKk27', NULL, NULL, 1, '2018-03-22 18:15:22', '2018-03-22 18:15:22'),
	(48, 9711355293, '+91', '5', '', 'Stripe', 'ch_1CACeGBDeCR3SjHi08jZVtsF', NULL, NULL, 1, '2018-03-27 13:25:20', '2018-03-27 13:25:20'),
	(49, 9711355293, '+91', '25', '', 'Stripe', 'ch_1CAEigBDeCR3SjHiLadpR9NA', NULL, NULL, 1, '2018-03-27 15:38:01', '2018-03-27 15:38:01'),
	(50, 92353702, '+65', '300', '', 'PayPal', 'PAY-2KA52344062740058LK57BNQ', NULL, NULL, 1, '2018-03-29 01:15:11', '2018-03-29 01:15:11'),
	(51, 9897095008, '+91', '1', '', 'PayPal', 'PAY-5S686463W3956304VLK6QPSA', NULL, NULL, 1, '2018-03-29 21:05:53', '2018-03-29 21:05:53'),
	(52, 9897095008, '+91', '1', '', 'PayPal', 'PAY-1TC62575357602156LK6QQSI', NULL, NULL, 1, '2018-03-29 21:07:57', '2018-03-29 21:07:57'),
	(53, 9897095008, '+91', '900', '', 'PayPal', 'PAY-11Y03236AS768715HLLCNOWY', NULL, NULL, 1, '2018-04-04 19:17:30', '2018-04-04 19:17:30'),
	(54, 9711355293, '+91', '25', '', 'Stripe', 'ch_1CDCjHBDeCR3SjHirnwECnIV', NULL, NULL, 1, '2018-04-04 20:06:54', '2018-04-04 20:06:54'),
	(57, 146188898, '+60', '2000', '', 'Stripe', 'ch_1CDmK9BDeCR3SjHi8f3aUEUc', NULL, NULL, 1, '2018-04-06 10:07:19', '2018-04-06 10:07:19'),
	(58, 91898769, '+65', '1000', '', 'Stripe', 'ch_1CDmkgBDeCR3SjHiZ07DSFyK', NULL, NULL, 1, '2018-04-06 10:34:44', '2018-04-06 10:34:44'),
	(59, 9897095008, '+91', '10', '', 'Stripe', 'ch_1CDn1uBDeCR3SjHiXAnRKPCp', NULL, NULL, 1, '2018-04-06 10:52:32', '2018-04-06 10:52:32'),
	(60, 9540111111, '+91', '25', '', 'Stripe', 'ch_1CIFJlBDeCR3SjHiVtUjPQcH', NULL, NULL, 1, '2018-04-18 23:23:23', '2018-04-18 23:23:23'),
	(61, 9540111111, '+91', '25', '', 'Stripe', 'ch_1CIFLNBDeCR3SjHi9vIFbILZ', NULL, NULL, 1, '2018-04-18 23:25:03', '2018-04-18 23:25:03'),
	(62, 9897095008, '+91', '1966', '', 'PayPal', 'PAY-0U791603S5572612FLLLUSWY', NULL, NULL, 1, '2018-04-19 00:34:31', '2018-04-19 00:34:31'),
	(63, 9897095008, '+91', '1', '', 'Stripe', 'ch_1CIGW9BDeCR3SjHiwv8dQ6Sk', NULL, NULL, 1, '2018-04-19 00:40:16', '2018-04-19 00:40:16'),
	(65, 8285314693, '+91', '1', '', 'Stripe', 'ch_1CIHGUBDeCR3SjHiVJu5tS3k', NULL, NULL, 1, '2018-04-19 01:28:10', '2018-04-19 01:28:10'),
	(69, 8285314693, '+91', '50', '', 'PayPal', 'PAY-83N12689N6986660DLLL3BDQ', NULL, NULL, 1, '2018-04-19 07:54:50', '2018-04-19 07:54:50'),
	(70, 8285314693, '+91', '89.00', '', 'Stripe', 'ch_1CINLQBDeCR3SjHirlecGJYS', NULL, NULL, 1, '2018-04-19 07:57:38', '2018-04-19 07:57:38'),
	(74, 8285314693, '+91', '10', '', 'Stripe', 'ch_1CImOPBDeCR3SjHi9ciaGZfX', NULL, NULL, 1, '2018-04-20 05:12:23', '2018-04-20 05:12:23'),
	(75, 9897095008, '+91', '100', '', 'Stripe', 'ch_1CInpiBDeCR3SjHiHBwVpQau', NULL, NULL, 1, '2018-04-20 06:44:41', '2018-04-20 06:44:41'),
	(76, 146188898, '+60', '200', '', 'Stripe', 'ch_1CJ0foBDeCR3SjHiRuzcfilC', NULL, NULL, 1, '2018-04-20 20:27:18', '2018-04-20 20:27:18');
/*!40000 ALTER TABLE `topup_transactions` ENABLE KEYS */;

-- Dumping structure for table electra_schema.transaction_details
CREATE TABLE IF NOT EXISTS `transaction_details` (
  `transaction_detail_id` int(11) NOT NULL auto_increment,
  `asset_code` varchar(255) default NULL,
  `destination_account_name` varchar(255) default NULL,
  `destination_correlation_id` varchar(255) default NULL,
  `is_destination_account_user` bit(1) default NULL,
  `is_source_account_user` bit(1) default NULL,
  `modified_date` datetime default NULL,
  `operation` varchar(255) default NULL,
  `source_account_name` varchar(255) default NULL,
  `source_correlation_id` varchar(255) default NULL,
  `status` smallint(6) default NULL,
  `stellar_request` varchar(255) default NULL,
  `stellar_response` varchar(255) default NULL,
  `tnx_data` varchar(255) default NULL,
  `tnx_hash` varchar(255) default NULL,
  `transaction_date` datetime default NULL,
  `sequence_no` varchar(255) default NULL,
  `transaction_xdr` varchar(255) default NULL,
  `type` varchar(255) default NULL,
  `no_of_tokens` varchar(255) default NULL,
  `receiver_corelation_id` varchar(255) default NULL,
  `receiver_type` varchar(255) default NULL,
  `sender_corelation_id` varchar(255) default NULL,
  `sender_currency_value` varchar(255) default NULL,
  `sender_type` varchar(255) default NULL,
  `token_activity` varchar(255) default NULL,
  `transaction_message` varchar(255) default NULL,
  `transaction_status` smallint(6) default NULL,
  `transaction_status_message` varchar(255) default NULL,
  PRIMARY KEY  (`transaction_detail_id`)
) ENGINE=InnoDB DEFAULT CHARSET=utf8;

-- Dumping data for table electra_schema.transaction_details: ~129 rows (approximately)
DELETE FROM `transaction_details`;
/*!40000 ALTER TABLE `transaction_details` DISABLE KEYS */;
INSERT INTO `transaction_details` (`transaction_detail_id`, `asset_code`, `destination_account_name`, `destination_correlation_id`, `is_destination_account_user`, `is_source_account_user`, `modified_date`, `operation`, `source_account_name`, `source_correlation_id`, `status`, `stellar_request`, `stellar_response`, `tnx_data`, `tnx_hash`, `transaction_date`, `sequence_no`, `transaction_xdr`, `type`, `no_of_tokens`, `receiver_corelation_id`, `receiver_type`, `sender_corelation_id`, `sender_currency_value`, `sender_type`, `token_activity`, `transaction_message`, `transaction_status`, `transaction_status_message`) VALUES
	(58, 'SGT', 'Abhinav Garg', '09d61177-fc04-4995-93cb-7785c8d412cf', b'0', b'0', '2018-04-28 15:35:45', 'Payment', 'Nitin Malik', 'd3c4b2dd-b568-4f95-804f-c7d58c375e78', 1, 'stellarRequest', 'stellarResponse', '1.80', '31a7f2a76386c5c07df4b8f4886ec1efa97006cf2f4efcf1746c9bfc9ef53ef1', '2018-04-28 15:35:45', 'STX-000058', NULL, 'LOAD_TOKENS', NULL, NULL, NULL, NULL, NULL, NULL, NULL, NULL, NULL, NULL),
	(59, 'SGT', 'Nitin Malik', 'd3c4b2dd-b568-4f95-804f-c7d58c375e78', b'0', b'1', '2018-04-28 15:42:45', 'Payment', 'SendX Pte Ltd', 'Y8jAm7LzPH', 1, 'stellarRequest', 'stellarResponse', '1', 'cdfc715ee78f41ae9f38b1bc08ae877addd5cffef89e0203f3054858044b5367', '2018-04-28 15:42:45', 'STX-000059', NULL, 'LOAD_TOKENS', NULL, NULL, NULL, NULL, NULL, NULL, NULL, NULL, NULL, NULL),
	(60, 'TST', 'SendX Pte Ltd', 'Y8jAm7LzPH', b'1', b'1', '2018-04-28 15:43:55', 'ChangeTrust', 'SendX Pte Ltd', 'Y8jAm7LzPH', 1, 'stellarRequest', 'stellarResponse', '8', '217886bebff697725f933b3ac610a913136be5628a65b512e06b15b11f6b7327', '2018-04-28 15:43:55', 'STX-000060', NULL, 'TRANSFER_TOKENS', NULL, NULL, NULL, NULL, NULL, NULL, NULL, NULL, NULL, NULL),
	(61, 'TST', 'SendX Pte Ltd', 'Y8jAm7LzPH', b'1', b'1', '2018-04-28 15:44:00', 'Payment', 'SendX Pte Ltd', 'Y8jAm7LzPH', 1, 'stellarRequest', 'stellarResponse', '8', '217886bebff697725f933b3ac610a913136be5628a65b512e06b15b11f6b7327', '2018-04-28 15:44:00', 'STX-000061', NULL, 'TRANSFER_TOKENS', NULL, NULL, NULL, NULL, NULL, NULL, NULL, NULL, NULL, NULL),
	(62, 'TPO', 'sunFlower', 'b893fb8e2fe4438494145b2362d4f496', b'1', b'1', '2018-04-28 15:48:45', 'ChangeTrust', 'sunFlower', 'b893fb8e2fe4438494145b2362d4f496', 1, 'stellarRequest', 'stellarResponse', '1', '662fb3cd5e3c7873db4e959d25bd19d3d03fe265466f9281f4305d5f5883a0c4', '2018-04-28 15:48:45', 'STX-000062', NULL, 'TRANSFER_TOKENS', NULL, NULL, NULL, NULL, NULL, NULL, NULL, NULL, NULL, NULL),
	(63, 'TPO', 'sunFlower', 'b893fb8e2fe4438494145b2362d4f496', b'1', b'1', '2018-04-28 15:48:50', 'Payment', 'sunFlower', 'b893fb8e2fe4438494145b2362d4f496', 1, 'stellarRequest', 'stellarResponse', '1', '662fb3cd5e3c7873db4e959d25bd19d3d03fe265466f9281f4305d5f5883a0c4', '2018-04-28 15:48:50', 'STX-000063', NULL, 'TRANSFER_TOKENS', NULL, NULL, NULL, NULL, NULL, NULL, NULL, NULL, NULL, NULL),
	(64, 'SGT', 'Nitin Malik', 'd3c4b2dd-b568-4f95-804f-c7d58c375e78', b'0', b'0', '2018-04-28 16:04:45', 'Payment', 'Arnav Jain', 'ab243520-93ed-4c66-a864-7d5f91c84279', 1, 'stellarRequest', 'stellarResponse', '3.00', '6bd27c6db56c035ae4fa2e067326a6abc8afeaff85a71cc47c20b4a3800a2091', '2018-04-28 16:04:45', 'STX-000064', NULL, 'LOAD_TOKENS', NULL, NULL, NULL, NULL, NULL, NULL, NULL, NULL, NULL, NULL),
	(65, 'SGT', 'Abhinav Garg', '09d61177-fc04-4995-93cb-7785c8d412cf', b'0', b'0', '2018-04-28 16:05:25', 'Payment', 'Arnav Jain', 'ab243520-93ed-4c66-a864-7d5f91c84279', 1, 'stellarRequest', 'stellarResponse', '5.98', '45e8ff7d3c3c2f0f78c041ec3814db3cad2425af2c95f124e9212ee1c2172f46', '2018-04-28 16:05:25', 'STX-000065', NULL, 'LOAD_TOKENS', NULL, NULL, NULL, NULL, NULL, NULL, NULL, NULL, NULL, NULL),
	(66, 'SGT', 'Arnav Jain', 'ab243520-93ed-4c66-a864-7d5f91c84279', b'0', b'0', '2018-04-28 21:55:56', 'Payment', 'Abhinav Garg', '09d61177-fc04-4995-93cb-7785c8d412cf', 1, 'stellarRequest', 'stellarResponse', '6.00', '8ad86ad8b7cd51279fdced88639b43d8b860c847bb907f76035dc08a891af2a6', '2018-04-28 21:55:56', 'STX-000066', NULL, 'LOAD_TOKENS', NULL, NULL, NULL, NULL, NULL, NULL, NULL, NULL, NULL, NULL),
	(67, 'SGT', 'Arnav Jain', 'ab243520-93ed-4c66-a864-7d5f91c84279', b'0', b'0', '2018-04-29 08:27:46', 'Payment', 'Nitin Malik', 'd3c4b2dd-b568-4f95-804f-c7d58c375e78', 1, 'stellarRequest', 'stellarResponse', '1.00', 'eba56b0f7bb67f33d9b7e8a8d2b4300ee6d54dee04980f9b649c172e3b5cf712', '2018-04-29 08:27:46', 'STX-000067', NULL, 'LOAD_TOKENS', NULL, NULL, NULL, NULL, NULL, NULL, NULL, NULL, NULL, NULL),
	(68, 'SGT', 'Tanu Singhal', '7d47ab12-63bc-40b6-80bb-5be6e20620c0', b'0', b'1', '2018-04-29 15:32:26', 'Payment', 'SendX Pte Ltd', 'Y8jAm7LzPH', 1, 'stellarRequest', 'stellarResponse', '100', '3f03d54d74e18a829438a6701b85f250a6b0d76266f887e9aaf5c644055adaee', '2018-04-29 15:32:26', 'STX-000068', NULL, 'LOAD_TOKENS', NULL, NULL, NULL, NULL, NULL, NULL, NULL, NULL, NULL, NULL),
	(69, 'SGT', 'Rohini Jain', 'b619e962-4684-491e-9ac9-8857780cfcbd', b'0', b'1', '2018-04-29 15:40:36', 'Payment', 'SendX Pte Ltd', 'Y8jAm7LzPH', 1, 'stellarRequest', 'stellarResponse', '900', 'f352b71c984fbacf750c2e74e57bd5dd246b827b09bf929ab5be3c68e3e3e910', '2018-04-29 15:40:36', 'STX-000069', NULL, 'LOAD_TOKENS', NULL, NULL, NULL, NULL, NULL, NULL, NULL, NULL, NULL, NULL),
	(70, 'SGT', 'Tanu Singhal', '7d47ab12-63bc-40b6-80bb-5be6e20620c0', b'0', b'0', '2018-04-29 15:41:02', 'Payment', 'Rohini Jain', 'b619e962-4684-491e-9ac9-8857780cfcbd', 1, 'stellarRequest', 'stellarResponse', '500.88', '704c5688db928f141469c558dece98c6244e125c504f316a41fc4c8fa907e919', '2018-04-29 15:41:02', 'STX-000070', NULL, 'LOAD_TOKENS', NULL, NULL, NULL, NULL, NULL, NULL, NULL, NULL, NULL, NULL),
	(71, 'SGT', 'Tanu Singhal', '7d47ab12-63bc-40b6-80bb-5be6e20620c0', b'0', b'1', '2018-04-29 15:54:27', 'Payment', 'SendX Pte Ltd', 'Y8jAm7LzPH', 1, 'stellarRequest', 'stellarResponse', '20', '7a50a3e34b5855e2003f130cd41836968469106fa49a0f474a7be074ccc5b4c6', '2018-04-29 15:54:27', 'STX-000071', NULL, 'LOAD_TOKENS', NULL, NULL, NULL, NULL, NULL, NULL, NULL, NULL, NULL, NULL),
	(72, 'SGT', 'Kaustuv Ghosh', '5f8709df-110f-4605-b783-54b04d90b51b', b'0', b'0', '2018-04-30 04:13:52', 'Payment', 'James Sendx', '874ae852-60bd-42e0-aee4-54d188b94577', 1, 'stellarRequest', 'stellarResponse', '20.00', '6e80928de0e7079b665bac27c3d5052ea7abe79d16f2b392f2cb4281374f5270', '2018-04-30 04:13:52', 'STX-000072', NULL, 'LOAD_TOKENS', NULL, NULL, NULL, NULL, NULL, NULL, NULL, NULL, NULL, NULL),
	(73, 'SGT', 'Abhinav Garg', '09d61177-fc04-4995-93cb-7785c8d412cf', b'0', b'0', '2018-04-30 05:32:58', 'Payment', 'Tanu Singhal', '7d47ab12-63bc-40b6-80bb-5be6e20620c0', 1, 'stellarRequest', 'stellarResponse', '2.00', '7d3e16423dddc6398d6f9144ffd31977a8e61b692577f928cdabdcd187b8fb41', '2018-04-30 05:32:58', 'STX-000073', NULL, 'LOAD_TOKENS', NULL, NULL, NULL, NULL, NULL, NULL, NULL, NULL, NULL, NULL),
	(74, 'SGT', 'SendX Pte Ltd', 'Y8jAm7LzPH', b'1', b'0', '2018-04-30 06:44:27', 'Payment', 'Abhinav Garg', '09d61177-fc04-4995-93cb-7785c8d412cf', 1, 'stellarRequest', 'stellarResponse', '1.00', '523675a823d4870976c10366592c5cd94d4254584b1d81229bd0f56567ec57e3', '2018-04-30 06:44:27', 'STX-000074', NULL, 'REDEEM_TOKENS', NULL, NULL, NULL, NULL, NULL, NULL, NULL, NULL, NULL, NULL),
	(75, 'SGT', 'Arnav Jain', 'ab243520-93ed-4c66-a864-7d5f91c84279', b'0', b'0', '2018-04-30 06:53:36', 'Payment', 'Abhinav Garg', '09d61177-fc04-4995-93cb-7785c8d412cf', 1, 'stellarRequest', 'stellarResponse', '19.99', '8b01b7408cd8bc795b9367374ba3c53c26f034704e9b1ca765ab69151e53b87d', '2018-04-30 06:53:36', 'STX-000075', NULL, 'LOAD_TOKENS', NULL, NULL, NULL, NULL, NULL, NULL, NULL, NULL, NULL, NULL),
	(76, 'SGT', 'Arnav Jain', 'ab243520-93ed-4c66-a864-7d5f91c84279', b'0', b'0', '2018-04-30 06:55:32', 'Payment', 'Abhinav Garg', '09d61177-fc04-4995-93cb-7785c8d412cf', 1, 'stellarRequest', 'stellarResponse', '1.00', '4bbeb8c542d510d16d15ea6ab8f305d5f48f4f922b62f36b187e2c2dfb37b356', '2018-04-30 06:55:32', 'STX-000076', NULL, 'LOAD_TOKENS', NULL, NULL, NULL, NULL, NULL, NULL, NULL, NULL, NULL, NULL),
	(77, 'SGT', 'SendX Pte Ltd', 'Y8jAm7LzPH', b'1', b'0', '2018-04-30 06:56:17', 'Payment', 'Abhinav Garg', '09d61177-fc04-4995-93cb-7785c8d412cf', 1, 'stellarRequest', 'stellarResponse', '1.00', 'c66f076c565c4766a3e2d07a2e2e760f26538e554694a9d9f6ffd5ddc1da3183', '2018-04-30 06:56:17', 'STX-000077', NULL, 'REDEEM_TOKENS', NULL, NULL, NULL, NULL, NULL, NULL, NULL, NULL, NULL, NULL),
	(78, 'SGT', 'Abhinav Garg', '09d61177-fc04-4995-93cb-7785c8d412cf', b'0', b'1', '2018-04-30 10:07:02', 'Payment', 'SendX Pte Ltd', 'Y8jAm7LzPH', 1, 'stellarRequest', 'stellarResponse', '1', '58d20fabc8276ae4869cfb72a4cfb95adc1e3b1d35eaa30ed9b0f9987c51f3a9', '2018-04-30 10:07:02', 'STX-000078', NULL, 'LOAD_TOKENS', NULL, NULL, NULL, NULL, NULL, NULL, NULL, NULL, NULL, NULL),
	(79, 'SGT', 'SendX Pte Ltd', 'Y8jAm7LzPH', b'1', b'0', '2018-04-30 11:52:57', 'Payment', 'Tanu Singhal', '7d47ab12-63bc-40b6-80bb-5be6e20620c0', 1, 'stellarRequest', 'stellarResponse', '2.00', '5e36e4fd3c7e81c6297d60616d7624241d4ae53e0bb45a1b8c68f6d1821fb312', '2018-04-30 11:52:57', 'STX-000079', NULL, 'REDEEM_TOKENS', NULL, NULL, NULL, NULL, NULL, NULL, NULL, NULL, NULL, NULL),
	(80, 'SGT', 'Tanu Singhal', '7d47ab12-63bc-40b6-80bb-5be6e20620c0', b'0', b'1', '2018-04-30 11:54:11', 'Payment', 'SendX Pte Ltd', 'Y8jAm7LzPH', 1, 'stellarRequest', 'stellarResponse', '1', '093a5374968a189442dfb11cf1654902fc5165ab83ff188cbc241a3fbe2ee0d6', '2018-04-30 11:54:11', 'STX-000080', NULL, 'LOAD_TOKENS', NULL, NULL, NULL, NULL, NULL, NULL, NULL, NULL, NULL, NULL),
	(81, 'SGT', 'SendX Pte Ltd', 'Y8jAm7LzPH', b'1', b'0', '2018-04-30 12:25:28', 'Payment', 'Abhinav Garg', '09d61177-fc04-4995-93cb-7785c8d412cf', 1, 'stellarRequest', 'stellarResponse', '1.00', 'a5e47ff8b3d3ad5be5cbce62f74826bb739c738dc6430f1a094eb96def956cc6', '2018-04-30 12:25:28', 'STX-000081', NULL, 'REDEEM_TOKENS', NULL, NULL, NULL, NULL, NULL, NULL, NULL, NULL, NULL, NULL),
	(82, 'SGT', 'Sumit Raj', 'f9e13443-87f4-4ce3-bf54-97c2016cc9cd', b'0', b'0', '2018-05-01 05:19:36', 'Payment', 'Nitin Malik', 'd3c4b2dd-b568-4f95-804f-c7d58c375e78', 1, 'stellarRequest', 'stellarResponse', '1.0', '09c95e086e1427fdbc24067730b85e23e0d501cd7e4ccab1cdb3e3106d25ae38', '2018-05-01 05:19:36', 'STX-000082', NULL, 'LOAD_TOKENS', NULL, NULL, NULL, NULL, NULL, NULL, NULL, NULL, NULL, NULL),
	(83, 'SGT', 'Sumit Raj', 'f9e13443-87f4-4ce3-bf54-97c2016cc9cd', b'0', b'0', '2018-05-01 05:22:26', 'Payment', 'Abhinav Garg', '09d61177-fc04-4995-93cb-7785c8d412cf', 1, 'stellarRequest', 'stellarResponse', '350.00', '3bd6fa562dfc466c28b6909bc4f0c99ba8bad6beaeec76ed703ecda4b3c44912', '2018-05-01 05:22:26', 'STX-000083', NULL, 'LOAD_TOKENS', NULL, NULL, NULL, NULL, NULL, NULL, NULL, NULL, NULL, NULL),
	(84, 'SGT', 'James Sendx', '874ae852-60bd-42e0-aee4-54d188b94577', b'0', b'0', '2018-05-01 05:23:27', 'Payment', 'Sumit Raj', 'f9e13443-87f4-4ce3-bf54-97c2016cc9cd', 1, 'stellarRequest', 'stellarResponse', '21.01', '2be0120fbd6663c7b8c841b2e7ddb5c0502cc0065e5e0efd58749548aa455aa8', '2018-05-01 05:23:27', 'STX-000084', NULL, 'LOAD_TOKENS', NULL, NULL, NULL, NULL, NULL, NULL, NULL, NULL, NULL, NULL),
	(85, 'SGT', 'Sumit Raj', 'f9e13443-87f4-4ce3-bf54-97c2016cc9cd', b'0', b'1', '2018-05-01 07:05:26', 'Payment', 'SendX Pte Ltd', 'Y8jAm7LzPH', 1, 'stellarRequest', 'stellarResponse', '1', '5006527b45bdf4b8d5cb5cd13242733db541b706e4e12d012d1b17da611a6257', '2018-05-01 07:05:26', 'STX-000085', NULL, 'LOAD_TOKENS', NULL, NULL, NULL, NULL, NULL, NULL, NULL, NULL, NULL, NULL),
	(86, 'SGT', 'Abhinav Garg', '09d61177-fc04-4995-93cb-7785c8d412cf', b'0', b'0', '2018-05-01 08:57:31', 'Payment', 'Nitin Malik', 'd3c4b2dd-b568-4f95-804f-c7d58c375e78', 1, 'stellarRequest', 'stellarResponse', '25.00', '1d1b3c396d9b0f637f832637d3ca9a567c071b1413a1b79eb9f9cffdfd813ae7', '2018-05-01 08:57:31', 'STX-000086', NULL, 'LOAD_TOKENS', NULL, NULL, NULL, NULL, NULL, NULL, NULL, NULL, NULL, NULL),
	(87, 'SGT', 'Abhinav Garg', '09d61177-fc04-4995-93cb-7785c8d412cf', b'0', b'0', '2018-05-01 09:03:26', 'Payment', 'Nitin Malik', 'd3c4b2dd-b568-4f95-804f-c7d58c375e78', 1, 'stellarRequest', 'stellarResponse', '25.00', '72b4f174d1e79442377609530faaedd4b2116fd60aebc0b30fff78d5db2994fb', '2018-05-01 09:03:26', 'STX-000087', NULL, 'LOAD_TOKENS', NULL, NULL, NULL, NULL, NULL, NULL, NULL, NULL, NULL, NULL),
	(88, 'SGT', 'Arnav Jain', 'ab243520-93ed-4c66-a864-7d5f91c84279', b'0', b'0', '2018-05-01 09:44:04', 'Payment', 'Abhinav Garg', '09d61177-fc04-4995-93cb-7785c8d412cf', 1, 'stellarRequest', 'stellarResponse', '2.00', '622a68250a1fe8dc74386e2ca8314f928ba36c23217aaa55bce8a74ea4da327c', '2018-05-01 09:44:04', 'STX-000088', NULL, 'LOAD_TOKENS', NULL, NULL, NULL, NULL, NULL, NULL, NULL, NULL, NULL, NULL),
	(89, 'SGT', 'Abhinav Garg', '09d61177-fc04-4995-93cb-7785c8d412cf', b'0', b'0', '2018-05-01 10:29:01', 'Payment', 'Nitin Malik', 'd3c4b2dd-b568-4f95-804f-c7d58c375e78', 1, 'stellarRequest', 'stellarResponse', '2.00', '4fa716b8abb0d716421f1a6d9352fc44dce3755e4fbfea0e8e2d4bf987334055', '2018-05-01 10:29:01', 'STX-000089', NULL, 'LOAD_TOKENS', NULL, NULL, NULL, NULL, NULL, NULL, NULL, NULL, NULL, NULL),
	(90, '', 'SendX Pte Ltd', 'Y8jAm7LzPH', b'0', b'0', '2018-05-18 13:35:31', 'Payment', 'Company', '967f531d-d154-4360-b22a-f66fab89c14d', 1, 'stellarRequest', 'stellarResponse', '100', '', '2018-05-18 13:35:31', 'STX-000090', NULL, 'TRANSFER_TOKENS', NULL, NULL, NULL, NULL, NULL, NULL, NULL, NULL, NULL, NULL),
	(91, '', 'SendX Pte Ltd', 'Y8jAm7LzPH', b'0', b'0', '2018-05-18 13:41:23', 'Payment', 'Company', '967f531d-d154-4360-b22a-f66fab89c14d', 1, 'stellarRequest', 'stellarResponse', '100', '', '2018-05-18 13:41:23', 'STX-000091', NULL, 'TRANSFER_TOKENS', NULL, NULL, NULL, NULL, NULL, NULL, NULL, NULL, NULL, NULL),
	(92, '', 'SendX Pte Ltd', 'Y8jAm7LzPH', b'0', b'0', '2018-05-18 13:44:05', 'Payment', 'Company', '967f531d-d154-4360-b22a-f66fab89c14d', 1, 'stellarRequest', 'stellarResponse', '1000', '', '2018-05-18 13:44:05', 'STX-000092', NULL, 'TRANSFER_TOKENS', NULL, NULL, NULL, NULL, NULL, NULL, NULL, NULL, NULL, NULL),
	(93, '', 'SendX Pte Ltd', 'Y8jAm7LzPH', b'0', b'0', '2018-05-18 18:31:21', 'Payment', 'Company', '4ee3e5ac-198b-4778-9769-4ab98b85127d', 1, 'stellarRequest', 'stellarResponse', '100', '', '2018-05-18 18:31:21', 'STX-000093', NULL, 'TRANSFER_TOKENS', NULL, NULL, NULL, NULL, NULL, NULL, NULL, NULL, NULL, NULL),
	(94, 'CPM', 'first company', 'dcf9207d-fdc2-42be-b0bb-4c6d4ba2bc47', b'1', b'1', '2018-05-19 19:15:51', 'ChangeTrust', 'first company', 'dcf9207d-fdc2-42be-b0bb-4c6d4ba2bc47', 1, 'stellarRequest', 'stellarResponse', '1000', 'e6beaa10c3a5e91b9fabbefa787a2c35768c279b43bbb422f2d649cba593a8eb', '2018-05-19 19:15:51', 'STX-000094', NULL, 'TRANSFER_TOKENS', NULL, NULL, NULL, NULL, NULL, NULL, NULL, NULL, NULL, NULL),
	(95, 'CPM', 'first company', 'dcf9207d-fdc2-42be-b0bb-4c6d4ba2bc47', b'1', b'1', '2018-05-19 19:15:56', 'Payment', 'first company', 'dcf9207d-fdc2-42be-b0bb-4c6d4ba2bc47', 1, 'stellarRequest', 'stellarResponse', '1000', 'e6beaa10c3a5e91b9fabbefa787a2c35768c279b43bbb422f2d649cba593a8eb', '2018-05-19 19:15:56', 'STX-000095', NULL, 'TRANSFER_TOKENS', NULL, NULL, NULL, NULL, NULL, NULL, NULL, NULL, NULL, NULL),
	(96, 'CPB', 'first company', 'dcf9207d-fdc2-42be-b0bb-4c6d4ba2bc47', b'1', b'1', '2018-05-19 19:16:06', 'ChangeTrust', 'first company', 'dcf9207d-fdc2-42be-b0bb-4c6d4ba2bc47', 1, 'stellarRequest', 'stellarResponse', '1000', '3f6e368ee0c53fcad2369c4682e655456fb0bb3b7db7d7f607c633dc22274a7b', '2018-05-19 19:16:06', 'STX-000096', NULL, 'TRANSFER_TOKENS', NULL, NULL, NULL, NULL, NULL, NULL, NULL, NULL, NULL, NULL),
	(97, 'CPB', 'first company', 'dcf9207d-fdc2-42be-b0bb-4c6d4ba2bc47', b'1', b'1', '2018-05-19 19:16:12', 'Payment', 'first company', 'dcf9207d-fdc2-42be-b0bb-4c6d4ba2bc47', 1, 'stellarRequest', 'stellarResponse', '1000', '3f6e368ee0c53fcad2369c4682e655456fb0bb3b7db7d7f607c633dc22274a7b', '2018-05-19 19:16:12', 'STX-000097', NULL, 'TRANSFER_TOKENS', NULL, NULL, NULL, NULL, NULL, NULL, NULL, NULL, NULL, NULL),
	(98, 'CKZ', 'cddh', '53fecd0e-ca5c-4f46-9a32-cac94f7bc09e', b'1', b'1', '2018-05-21 11:25:28', 'ChangeTrust', 'cddh', '53fecd0e-ca5c-4f46-9a32-cac94f7bc09e', 1, 'stellarRequest', 'stellarResponse', '1000', '889a077e8eccdb5e0d76efb15d082c41101315e217b5b49afe6b2ea853bd993a', '2018-05-21 11:25:28', 'STX-000098', NULL, 'TRANSFER_TOKENS', NULL, NULL, NULL, NULL, NULL, NULL, NULL, NULL, NULL, NULL),
	(99, 'CKZ', 'cddh', '53fecd0e-ca5c-4f46-9a32-cac94f7bc09e', b'1', b'1', '2018-05-21 11:25:32', 'Payment', 'cddh', '53fecd0e-ca5c-4f46-9a32-cac94f7bc09e', 1, 'stellarRequest', 'stellarResponse', '1000', '889a077e8eccdb5e0d76efb15d082c41101315e217b5b49afe6b2ea853bd993a', '2018-05-21 11:25:32', 'STX-000099', NULL, 'TRANSFER_TOKENS', NULL, NULL, NULL, NULL, NULL, NULL, NULL, NULL, NULL, NULL),
	(100, '', 'SendX Pte Ltd', 'Y8jAm7LzPH', b'0', b'0', '2018-05-21 12:12:44', 'Payment', 'cddh', '53fecd0e-ca5c-4f46-9a32-cac94f7bc09e', 1, 'stellarRequest', 'stellarResponse', '100', '', '2018-05-21 12:12:44', 'STX-000100', NULL, 'TRANSFER_TOKENS', NULL, NULL, NULL, NULL, NULL, NULL, NULL, NULL, NULL, NULL),
	(101, '', 'SendX Pte Ltd', 'Y8jAm7LzPH', b'0', b'0', '2018-05-21 13:22:37', 'Payment', 'ram', '97fbcebf-da0f-4129-8432-22bdf3ed9c43', 1, 'stellarRequest', 'stellarResponse', '100', '', '2018-05-21 13:22:37', 'STX-000101', NULL, 'TRANSFER_TOKENS', NULL, NULL, NULL, NULL, NULL, NULL, NULL, NULL, NULL, NULL),
	(102, 'MTG', 'ram', '97fbcebf-da0f-4129-8432-22bdf3ed9c43', b'1', b'1', '2018-05-21 13:26:01', 'ChangeTrust', 'ram', '97fbcebf-da0f-4129-8432-22bdf3ed9c43', 1, 'stellarRequest', 'stellarResponse', '100', 'b9395af41ef03c957352a12b19a80138ff1b85daddde3b68f1ad4e29e9e87950', '2018-05-21 13:26:01', 'STX-000102', NULL, 'TRANSFER_TOKENS', NULL, NULL, NULL, NULL, NULL, NULL, NULL, NULL, NULL, NULL),
	(103, 'MTG', 'ram', '97fbcebf-da0f-4129-8432-22bdf3ed9c43', b'1', b'1', '2018-05-21 13:26:07', 'Payment', 'ram', '97fbcebf-da0f-4129-8432-22bdf3ed9c43', 1, 'stellarRequest', 'stellarResponse', '100', 'b9395af41ef03c957352a12b19a80138ff1b85daddde3b68f1ad4e29e9e87950', '2018-05-21 13:26:07', 'STX-000103', NULL, 'TRANSFER_TOKENS', NULL, NULL, NULL, NULL, NULL, NULL, NULL, NULL, NULL, NULL),
	(104, '', 'SendX Pte Ltd', 'Y8jAm7LzPH', b'0', b'0', '2018-05-21 13:44:34', 'Payment', 'kznhd', 'bf2268e0-dcb9-4bbf-b273-e29b42eefc71', 1, 'stellarRequest', 'stellarResponse', '100', '', '2018-05-21 13:44:34', 'STX-000104', NULL, 'TRANSFER_TOKENS', NULL, NULL, NULL, NULL, NULL, NULL, NULL, NULL, NULL, NULL),
	(105, 'PIL', 'kznhd', 'bf2268e0-dcb9-4bbf-b273-e29b42eefc71', b'1', b'1', '2018-05-21 13:46:47', 'ChangeTrust', 'kznhd', 'bf2268e0-dcb9-4bbf-b273-e29b42eefc71', 1, 'stellarRequest', 'stellarResponse', '100', 'a101eeb42dd1dd7ea35ce1f05cf455637b9f2b6199ebba36beb3bcb243765742', '2018-05-21 13:46:47', 'STX-000105', NULL, 'TRANSFER_TOKENS', NULL, NULL, NULL, NULL, NULL, NULL, NULL, NULL, NULL, NULL),
	(106, 'PIL', 'kznhd', 'bf2268e0-dcb9-4bbf-b273-e29b42eefc71', b'1', b'1', '2018-05-21 13:46:51', 'Payment', 'kznhd', 'bf2268e0-dcb9-4bbf-b273-e29b42eefc71', 1, 'stellarRequest', 'stellarResponse', '100', 'a101eeb42dd1dd7ea35ce1f05cf455637b9f2b6199ebba36beb3bcb243765742', '2018-05-21 13:46:51', 'STX-000106', NULL, 'TRANSFER_TOKENS', NULL, NULL, NULL, NULL, NULL, NULL, NULL, NULL, NULL, NULL),
	(107, '', 'SendX Pte Ltd', 'Y8jAm7LzPH', b'0', b'0', '2018-05-21 14:26:07', 'Payment', 'irl', '8be4007d-9684-4a69-9a97-1e9825ca6992', 1, 'stellarRequest', 'stellarResponse', '100', '', '2018-05-21 14:26:07', 'STX-000107', NULL, 'TRANSFER_TOKENS', NULL, NULL, NULL, NULL, NULL, NULL, NULL, NULL, NULL, NULL),
	(108, 'IRL', 'irl', '8be4007d-9684-4a69-9a97-1e9825ca6992', b'1', b'1', '2018-05-21 14:37:42', 'ChangeTrust', 'irl', '8be4007d-9684-4a69-9a97-1e9825ca6992', 1, 'stellarRequest', 'stellarResponse', '5', 'a38471904226f0cc33e2c6a8668b7dc48b698430c6bb7e106c8ab6b84fa57f70', '2018-05-21 14:37:42', 'STX-000108', NULL, 'TRANSFER_TOKENS', NULL, NULL, NULL, NULL, NULL, NULL, NULL, NULL, NULL, NULL),
	(109, 'IRL', 'irl', '8be4007d-9684-4a69-9a97-1e9825ca6992', b'1', b'1', '2018-05-21 14:37:46', 'Payment', 'irl', '8be4007d-9684-4a69-9a97-1e9825ca6992', 1, 'stellarRequest', 'stellarResponse', '5', 'a38471904226f0cc33e2c6a8668b7dc48b698430c6bb7e106c8ab6b84fa57f70', '2018-05-21 14:37:46', 'STX-000109', NULL, 'TRANSFER_TOKENS', NULL, NULL, NULL, NULL, NULL, NULL, NULL, NULL, NULL, NULL),
	(110, '', 'SendX Pte Ltd', 'Y8jAm7LzPH', b'0', b'0', '2018-05-21 15:19:04', 'Payment', 'Royal', '1866777d-9eb7-415c-bacd-b457b1349fd5', 1, 'stellarRequest', 'stellarResponse', '100', '', '2018-05-21 15:19:04', 'STX-000110', NULL, 'TRANSFER_TOKENS', NULL, NULL, NULL, NULL, NULL, NULL, NULL, NULL, NULL, NULL),
	(111, '', 'SendX Pte Ltd', 'Y8jAm7LzPH', b'0', b'0', '2018-05-21 15:36:37', 'Payment', 'bgsg', 'ef6de9f6-980b-42da-8841-7aabf388ca5d', 1, 'stellarRequest', 'stellarResponse', '100', '', '2018-05-21 15:36:37', 'STX-000111', NULL, 'TRANSFER_TOKENS', NULL, NULL, NULL, NULL, NULL, NULL, NULL, NULL, NULL, NULL),
	(112, 'SGT', 'Royal Raj', 'aa6d54f3-f6b0-4e9b-bbfb-55ae1d86adf8', b'0', b'1', '2018-05-21 15:42:26', 'Payment', 'SendX Pte Ltd', 'Y8jAm7LzPH', 1, 'stellarRequest', 'stellarResponse', '100', '24ccbb2e44d5e3e3551e6624f7fde25866762632540d8d10cbc7257f453bccc2', '2018-05-21 15:42:26', 'STX-000112', NULL, 'LOAD_TOKENS', NULL, NULL, NULL, NULL, NULL, NULL, NULL, NULL, NULL, NULL),
	(113, 'TYU', 'Royal', '1866777d-9eb7-415c-bacd-b457b1349fd5', b'1', b'1', '2018-05-21 15:49:56', 'ChangeTrust', 'Royal', '1866777d-9eb7-415c-bacd-b457b1349fd5', 1, 'stellarRequest', 'stellarResponse', '100', 'fc5c1dc3c40b1802a96c28c26b4cfd9e87524ab95d7bc5f580f7a252da97eb91', '2018-05-21 15:49:56', 'STX-000113', NULL, 'TRANSFER_TOKENS', NULL, NULL, NULL, NULL, NULL, NULL, NULL, NULL, NULL, NULL),
	(114, 'TYU', 'Royal', '1866777d-9eb7-415c-bacd-b457b1349fd5', b'1', b'1', '2018-05-21 15:50:02', 'Payment', 'Royal', '1866777d-9eb7-415c-bacd-b457b1349fd5', 1, 'stellarRequest', 'stellarResponse', '100', 'fc5c1dc3c40b1802a96c28c26b4cfd9e87524ab95d7bc5f580f7a252da97eb91', '2018-05-21 15:50:02', 'STX-000114', NULL, 'TRANSFER_TOKENS', NULL, NULL, NULL, NULL, NULL, NULL, NULL, NULL, NULL, NULL),
	(115, 'SGT', 'C User', '6f1c0c31-071a-4ca5-8185-ae946c1dcb89', b'0', b'1', '2018-05-21 15:53:16', 'Payment', 'SendX Pte Ltd', 'Y8jAm7LzPH', 1, 'stellarRequest', 'stellarResponse', '5', 'ef75c979c8be3d9afad4bdc7149cc530374483135495057a450385bfa8779236', '2018-05-21 15:53:16', 'STX-000115', NULL, 'LOAD_TOKENS', NULL, NULL, NULL, NULL, NULL, NULL, NULL, NULL, NULL, NULL),
	(116, 'SGT', 'Royal Raj', 'aa6d54f3-f6b0-4e9b-bbfb-55ae1d86adf8', b'0', b'1', '2018-05-21 16:54:37', 'Payment', 'SendX Pte Ltd', 'Y8jAm7LzPH', 1, 'stellarRequest', 'stellarResponse', '50', 'fcbc70346da7d31848a1913cdeb704b1eaea1f14135dfa6e664b66b2586bb17e', '2018-05-21 16:54:37', 'STX-000116', NULL, 'LOAD_TOKENS', NULL, NULL, NULL, NULL, NULL, NULL, NULL, NULL, NULL, NULL),
	(117, '', 'SendX Pte Ltd', 'Y8jAm7LzPH', b'0', b'0', '2018-05-21 17:35:54', 'Payment', 'King', '0b01785a-afe4-4b66-9394-2a7e51a33671', 1, 'stellarRequest', 'stellarResponse', '100', '', '2018-05-21 17:35:54', 'STX-000117', NULL, 'TRANSFER_TOKENS', NULL, NULL, NULL, NULL, NULL, NULL, NULL, NULL, NULL, NULL),
	(118, '', 'SendX Pte Ltd', 'Y8jAm7LzPH', b'0', b'0', '2018-05-21 19:48:17', 'Payment', 'bgsg', 'ef6de9f6-980b-42da-8841-7aabf388ca5d', 1, 'stellarRequest', 'stellarResponse', '100', '', '2018-05-21 19:48:17', 'STX-000118', NULL, 'TRANSFER_TOKENS', NULL, NULL, NULL, NULL, NULL, NULL, NULL, NULL, NULL, NULL),
	(119, '', 'SendX Pte Ltd', 'Y8jAm7LzPH', b'0', b'0', '2018-05-22 11:10:09', 'Payment', 'bgsg', 'ef6de9f6-980b-42da-8841-7aabf388ca5d', 1, 'stellarRequest', 'stellarResponse', '100', '', '2018-05-22 11:10:09', 'STX-000119', NULL, 'TRANSFER_TOKENS', NULL, NULL, NULL, NULL, NULL, NULL, NULL, NULL, NULL, NULL),
	(120, '', 'SendX Pte Ltd', 'Y8jAm7LzPH', b'0', b'0', '2018-05-22 11:14:16', 'Payment', 'bgsg', 'ef6de9f6-980b-42da-8841-7aabf388ca5d', 1, 'stellarRequest', 'stellarResponse', '100', '', '2018-05-22 11:14:16', 'STX-000120', NULL, 'TRANSFER_TOKENS', NULL, NULL, NULL, NULL, NULL, NULL, NULL, NULL, NULL, NULL),
	(121, 'MMF', 'King', '0b01785a-afe4-4b66-9394-2a7e51a33671', b'1', b'1', '2018-05-28 14:42:23', 'ChangeTrust', 'King', '0b01785a-afe4-4b66-9394-2a7e51a33671', 1, 'stellarRequest', 'stellarResponse', '1000', 'd44dab986766509000ecd0a135d1413a25341f02cf18fef63188bd5681492e79', '2018-05-28 14:42:23', 'STX-000121', NULL, 'TRANSFER_TOKENS', NULL, NULL, NULL, NULL, NULL, NULL, NULL, NULL, NULL, NULL),
	(122, 'MMF', 'King', '0b01785a-afe4-4b66-9394-2a7e51a33671', b'1', b'1', '2018-05-28 14:42:33', 'Payment', 'King', '0b01785a-afe4-4b66-9394-2a7e51a33671', 1, 'stellarRequest', 'stellarResponse', '1000', 'd44dab986766509000ecd0a135d1413a25341f02cf18fef63188bd5681492e79', '2018-05-28 14:42:33', 'STX-000122', NULL, 'TRANSFER_TOKENS', NULL, NULL, NULL, NULL, NULL, NULL, NULL, NULL, NULL, NULL);
/*!40000 ALTER TABLE `transaction_details` ENABLE KEYS */;

/*!40101 SET SQL_MODE=IFNULL(@OLD_SQL_MODE, '') */;
/*!40014 SET FOREIGN_KEY_CHECKS=IF(@OLD_FOREIGN_KEY_CHECKS IS NULL, 1, @OLD_FOREIGN_KEY_CHECKS) */;
/*!40101 SET CHARACTER_SET_CLIENT=@OLD_CHARACTER_SET_CLIENT */;
